time,position_x,position_y,,real_time
1.62766E+18,-10.9248227,10.82330708,,1627660346253290000
1.62766E+18,-11.56721378,11.68590399,,1627660346354880000
1.62766E+18,-10.58891993,11.85801988,,1627660346453560000
1.62766E+18,-10.54969021,8.442865664,,1627660346553600000
1.62766E+18,-9.820673631,10.44221202,,1627660346653610000
1.62766E+18,-11.02828094,10.33875036,,1627660346753560000
1.62766E+18,-11.21019775,10.63041253,,1627660346852970000
1.62766E+18,-11.40173464,11.673631,,1627660346953070000
1.62766E+18,-10.77286565,11.48670677,,1627660347052970000
1.62766E+18,-9.909632029,11.52117513,,1627660347155610000
1.62766E+18,-10.37240196,11.4415424,,1627660347253040000
1.62766E+18,-10.16287666,9.913907611,,1627660347353810000
1.62766E+18,-11.86191667,10.63125224,,1627660347453920000
1.62766E+18,-10.17896167,12.00383511,,1627660347553370000
1.62766E+18,-9.929545139,11.45180197,,1627660347653420000
1.62766E+18,-11.20467917,11.22356395,,1627660347752890000
1.62766E+18,-10.52413488,10.7898259,,1627660347853380000
1.62766E+18,-11.53291409,11.50444797,,1627660347952970000
1.62766E+18,-10.74135215,11.20722953,,1627660348053400000
1.62766E+18,-10.04426622,10.06236405,,1627660348154270000
1.62766E+18,-10.34242278,11.25769197,,1627660348254450000
1.62766E+18,-9.315031532,11.05076527,,1627660348354740000
1.62766E+18,-9.148038533,11.80047562,,1627660348453630000
1.62766E+18,-10.44027047,10.56715952,,1627660348553380000
1.62766E+18,-10.07881433,10.92158965,,1627660348653430000
1.62766E+18,-9.673465531,9.999907537,,1627660348753510000
1.62766E+18,-10.54457864,10.98493376,,1627660348853600000
1.62766E+18,-10.66191363,10.09826612,,1627660348953250000
1.62766E+18,-9.152785121,10.61749274,,1627660349053540000
1.62766E+18,-10.31336304,11.10633977,,1627660349154530000
1.62766E+18,-9.813825354,10.37605199,,1627660349253870000
1.62766E+18,-9.424415225,11.18312091,,1627660349353600000
1.62766E+18,-9.725321734,12.57138152,,1627660349454120000
1.62766E+18,-9.703761726,12.06740556,,1627660349554490000
1.62766E+18,-8.304880613,11.32696264,,1627660349653490000
1.62766E+18,-8.882935771,9.417852097,,1627660349753590000
1.62766E+18,-9.649306158,10.89864404,,1627660349853720000
1.62766E+18,-8.314562381,11.35658165,,1627660349953380000
1.62766E+18,-9.938606576,10.76898868,,1627660350053780000
1.62766E+18,-8.196036472,10.86027701,,1627660350154070000
1.62766E+18,-8.715695035,10.78939774,,1627660350254150000
1.62766E+18,-8.094499478,8.798310185,,1627660350355350000
1.62766E+18,-8.219054367,11.09163177,,1627660350453370000
1.62766E+18,-7.514234737,10.15103688,,1627660350553490000
1.62766E+18,-6.769297685,11.45798817,,1627660350653960000
1.62766E+18,-7.693208348,9.926877971,,1627660350753200000
1.62766E+18,-7.498689618,10.35984088,,1627660350853100000
1.62766E+18,-6.743400546,10.86893241,,1627660350954100000
1.62766E+18,-7.220647029,9.56621993,,1627660351053670000
1.62766E+18,-7.912437848,11.19810733,,1627660351154310000
1.62766E+18,-5.594451486,11.32933802,,1627660351253440000
1.62766E+18,-6.533866537,11.06945959,,1627660351354460000
1.62766E+18,-6.309333225,11.02022982,,1627660351453560000
1.62766E+18,-6.431949724,10.0843675,,1627660351553650000
1.62766E+18,-6.218125043,10.61836025,,1627660351653620000
1.62766E+18,-6.367059205,10.98106157,,1627660351754020000
1.62766E+18,-5.908767879,10.68658034,,1627660351853270000
1.62766E+18,-5.096111434,10.17406591,,1627660351953490000
1.62766E+18,-5.869079886,10.30196261,,1627660352054210000
1.62766E+18,-6.817461782,9.164053613,,1627660352153980000
1.62766E+18,-6.145489242,10.32056132,,1627660352253230000
1.62766E+18,-5.384129075,10.19240912,,1627660352353860000
1.62766E+18,-5.507310741,10.7669371,,1627660352453540000
1.62766E+18,-5.013101642,10.46749605,,1627660352553260000
1.62766E+18,-4.613116358,10.809193,,1627660352653380000
1.62766E+18,-4.024489233,9.476729057,,1627660352753020000
1.62766E+18,-4.260823019,10.92990688,,1627660352853500000
1.62766E+18,-4.572307466,11.13957707,,1627660352953600000
1.62766E+18,-3.673615044,10.29818271,,1627660353054340000
1.62766E+18,-3.430661384,9.166506424,,1627660353154140000
1.62766E+18,-5.231905746,10.64668376,,1627660353253640000
1.62766E+18,-4.569578214,9.879761357,,1627660353353430000
1.62766E+18,-3.93136315,10.20460693,,1627660353454310000
1.62766E+18,-4.510586169,9.578447071,,1627660353553570000
1.62766E+18,-3.922866012,10.94222013,,1627660353655080000
1.62766E+18,-1.911556981,9.290695856,,1627660353753740000
1.62766E+18,-2.287317646,10.95806956,,1627660353853420000
1.62766E+18,-2.391022644,10.03327609,,1627660353953700000
1.62766E+18,-2.842724612,9.409994231,,1627660354053290000
1.62766E+18,-2.866659092,11.30548682,,1627660354154550000
1.62766E+18,-2.323899459,9.358323203,,1627660354253910000
1.62766E+18,-0.476064105,11.90399381,,1627660354353640000
1.62766E+18,-1.578810376,11.3481938,,1627660354453840000
1.62766E+18,-2.441436269,9.549142574,,1627660354553770000
1.62766E+18,-1.254796795,11.08474643,,1627660354653360000
1.62766E+18,-1.952012477,10.53453959,,1627660354753910000
1.62766E+18,-1.364613645,10.29636557,,1627660354854350000
1.62766E+18,-2.686367924,9.786973993,,1627660354954860000
1.62766E+18,-2.245590031,10.17338882,,1627660355053520000
1.62766E+18,-0.885699892,10.89464965,,1627660355153490000
1.62766E+18,0.691363399,11.93419635,,1627660355254020000
1.62766E+18,-1.191864383,9.850628864,,1627660355355520000
1.62766E+18,-1.636684568,11.18673573,,1627660355454730000
1.62766E+18,-1.102035506,10.4508907,,1627660355553060000
1.62766E+18,-0.278243794,10.44302966,,1627660355653660000
1.62766E+18,-0.298802151,10.21360339,,1627660355753480000
1.62766E+18,0.692535418,10.29805377,,1627660355853710000
1.62766E+18,0.902791854,10.58517503,,1627660355953350000
1.62766E+18,1.537568827,9.995592287,,1627660356053570000
1.62766E+18,0.59364675,8.733532322,,1627660356153910000
1.62766E+18,1.076355659,9.87592249,,1627660356253220000
1.62766E+18,-0.166075906,10.75999818,,1627660356353530000
1.62766E+18,0.988456992,10.03564894,,1627660356454060000
1.62766E+18,1.455037719,12.28753554,,1627660356553540000
1.62766E+18,1.780689941,10.30007691,,1627660356654180000
1.62766E+18,0.101922206,11.02743686,,1627660356753290000
1.62766E+18,0.844077683,11.61034621,,1627660356853550000
1.62766E+18,1.713088529,10.73252579,,1627660356953630000
1.62766E+18,1.591286955,10.33574133,,1627660357053990000
1.62766E+18,1.253955447,9.771958409,,1627660357154140000
1.62766E+18,1.477274654,10.83611223,,1627660357254340000
1.62766E+18,2.35040828,10.47276473,,1627660357353990000
1.62766E+18,3.049292185,9.856827054,,1627660357455330000
1.62766E+18,2.548115922,11.19911569,,1627660357556360000
1.62766E+18,1.635412243,9.991939643,,1627660357654480000
1.62766E+18,2.776144277,10.23198417,,1627660357754380000
1.62766E+18,2.534201482,10.77580853,,1627660357854740000
1.62766E+18,2.524312903,10.13802878,,1627660357954730000
1.62766E+18,2.895360739,9.74730569,,1627660358057430000
1.62766E+18,4.221826678,11.14796748,,1627660358156150000
1.62766E+18,2.839589162,10.8445443,,1627660358256720000
1.62766E+18,3.8565792,10.9538772,,1627660358355240000
1.62766E+18,4.433373975,10.71384178,,1627660358455300000
1.62766E+18,3.921856411,11.24740933,,1627660358556640000
1.62766E+18,4.005011566,10.66621941,,1627660358655850000
1.62766E+18,4.925671489,11.51035559,,1627660358758510000
1.62766E+18,3.634534758,10.96051254,,1627660358856730000
1.62766E+18,3.558834112,11.36888731,,1627660358955840000
1.62766E+18,4.434323825,11.21682551,,1627660359061110000
1.62766E+18,5.638322552,11.02292204,,1627660359156570000
1.62766E+18,4.200261416,11.88020007,,1627660359256590000
1.62766E+18,4.312752321,11.54021697,,1627660359357190000
1.62766E+18,5.158334875,10.49995441,,1627660359460140000
1.62766E+18,5.430652414,11.31695868,,1627660359555300000
1.62766E+18,6.157648129,11.370559,,1627660359659250000
1.62766E+18,5.947873428,11.14570125,,1627660359754800000
1.62766E+18,6.145829022,11.86408477,,1627660359857270000
1.62766E+18,6.846260047,12.78839424,,1627660359955830000
1.62766E+18,6.443613931,11.06491332,,1627660360057490000
1.62766E+18,6.582408245,12.24827331,,1627660360158760000
1.62766E+18,5.74877434,11.7848478,,1627660360255390000
1.62766E+18,7.585815636,11.65193559,,1627660360359300000
1.62766E+18,7.18053564,11.76532678,,1627660360458070000
1.62766E+18,8.290216353,12.2054826,,1627660360559150000
1.62766E+18,7.122577343,10.74038425,,1627660360657360000
1.62766E+18,8.439197399,12.36677352,,1627660360757520000
1.62766E+18,7.206069957,12.20857082,,1627660360857720000
1.62766E+18,7.688767683,12.41327719,,1627660360956540000
1.62766E+18,8.010027636,12.02119255,,1627660361054130000
1.62766E+18,8.455925597,12.23014552,,1627660361158720000
1.62766E+18,7.504952194,11.85863447,,1627660361257260000
1.62766E+18,8.545004142,12.59451763,,1627660361359490000
1.62766E+18,7.875832975,12.76208688,,1627660361455860000
1.62766E+18,7.436698216,12.92885496,,1627660361558850000
1.62766E+18,8.621443989,11.94369091,,1627660361656840000
1.62766E+18,9.34713711,12.48415238,,1627660361755440000
1.62766E+18,7.90461341,12.68880374,,1627660361867250000
1.62766E+18,8.722499986,14.01028952,,1627660361956270000
1.62766E+18,8.559036291,11.91017717,,1627660362057730000
1.62766E+18,9.089497051,12.9221514,,1627660362157690000
1.62766E+18,9.394281783,12.43130572,,1627660362257980000
1.62766E+18,10.0430295,12.96128889,,1627660362363370000
1.62766E+18,9.089574492,11.7985955,,1627660362460350000
1.62766E+18,9.700044692,13.01122444,,1627660362556170000
1.62766E+18,8.955555928,13.31111619,,1627660362657610000
1.62766E+18,9.847261911,12.9837075,,1627660362755190000
1.62766E+18,10.39217306,14.81947379,,1627660362857700000
1.62766E+18,10.361787,13.57506431,,1627660362956210000
1.62766E+18,9.652710616,13.39624169,,1627660363061490000
1.62766E+18,9.378234998,15.6628647,,1627660363159420000
1.62766E+18,11.07175214,13.60227426,,1627660363256010000
1.62766E+18,9.567768715,13.36173542,,1627660363358520000
1.62766E+18,11.70512517,11.98992072,,1627660363456280000
1.62766E+18,11.32938469,14.59979801,,1627660363557030000
1.62766E+18,10.90327353,14.34765814,,1627660363658380000
1.62766E+18,11.28802146,14.28823561,,1627660363757790000
1.62766E+18,11.32111745,14.66461806,,1627660363857720000
1.62766E+18,11.33767022,13.05842808,,1627660363958440000
1.62766E+18,11.15250853,12.79052297,,1627660364056160000
1.62766E+18,12.61683636,13.4389229,,1627660364157960000
1.62766E+18,12.81218534,12.95924041,,1627660364257360000
1.62766E+18,11.41314692,14.37456665,,1627660364357800000
1.62766E+18,12.11291179,12.82685677,,1627660364455540000
1.62766E+18,11.97561121,13.6632747,,1627660364556410000
1.62766E+18,11.93804279,13.73411009,,1627660364655210000
1.62766E+18,12.30197441,14.693931,,1627660364755800000
1.62766E+18,13.10989761,13.41489143,,1627660364856780000
1.62766E+18,13.22936556,13.47135705,,1627660364958040000
1.62766E+18,13.50799525,13.85810814,,1627660365056670000
1.62766E+18,13.43387182,14.17015516,,1627660365158850000
1.62766E+18,13.94673221,14.55618526,,1627660365255290000
1.62766E+18,13.71375189,13.59904187,,1627660365356500000
1.62766E+18,12.94830813,13.76307621,,1627660365455440000
1.62766E+18,12.98707162,14.22647801,,1627660365555160000
1.62766E+18,15.03028998,13.39221096,,1627660365659900000
1.62766E+18,15.17573223,14.62242295,,1627660365756030000
1.62766E+18,14.21764988,13.97401362,,1627660365854740000
1.62766E+18,15.33834622,14.79382658,,1627660365957990000
1.62766E+18,16.28703421,12.68460074,,1627660366059360000
1.62766E+18,13.99498455,14.4058922,,1627660366158040000
1.62766E+18,14.79302748,13.36338208,,1627660366255650000
1.62766E+18,14.20994439,13.56740678,,1627660366355990000
1.62766E+18,14.80402933,13.23932619,,1627660366457010000
1.62766E+18,15.3312074,13.28249063,,1627660366556240000
1.62766E+18,16.20186701,12.51413629,,1627660366659360000
1.62766E+18,14.81916796,12.22448852,,1627660366754050000
1.62766E+18,17.13858697,13.47466848,,1627660366856180000
1.62766E+18,15.09120393,13.12397523,,1627660366956620000
1.62766E+18,16.08517311,12.26589729,,1627660367056080000
1.62766E+18,15.60902091,13.10045923,,1627660367160650000
1.62766E+18,16.84262005,12.96968254,,1627660367258300000
1.62766E+18,16.49907378,11.64741557,,1627660367355890000
1.62766E+18,15.5534954,14.02734661,,1627660367457970000
1.62766E+18,17.27101358,13.60146423,,1627660367557150000
1.62766E+18,17.25362503,13.40220012,,1627660367657050000
1.62766E+18,18.27253575,12.63509797,,1627660367756340000
1.62766E+18,16.38462465,14.09943949,,1627660367856680000
1.62766E+18,19.45458503,11.68523453,,1627660367956630000
1.62766E+18,18.47954685,12.79023784,,1627660368056850000
1.62766E+18,16.90658234,11.01838058,,1627660368157330000
1.62766E+18,16.88956626,11.42556128,,1627660368260640000
1.62766E+18,17.6969417,12.57908684,,1627660368356270000
1.62766E+18,17.53099434,11.63526203,,1627660368457770000
1.62766E+18,17.62210863,12.49289483,,1627660368556430000
1.62766E+18,18.39118939,11.87400446,,1627660368656500000
1.62766E+18,17.95148854,10.78475143,,1627660368758220000
1.62766E+18,18.34032568,10.83430058,,1627660368856780000
1.62766E+18,17.29606796,11.81631722,,1627660368955910000
1.62766E+18,18.68052691,10.84949707,,1627660369058600000
1.62766E+18,18.36798946,11.15344805,,1627660369156920000
1.62766E+18,18.86183766,10.70208677,,1627660369257400000
1.62766E+18,18.57522068,9.931583767,,1627660369356190000
1.62766E+18,17.46464085,11.42919192,,1627660369456380000
1.62766E+18,19.3837514,10.60708866,,1627660369556690000
1.62766E+18,17.35668353,11.13886084,,1627660369657360000
1.62766E+18,19.54809384,10.58332977,,1627660369757740000
1.62766E+18,19.67773847,9.791382317,,1627660369855970000
1.62766E+18,19.28014154,9.977082638,,1627660369956730000
1.62766E+18,19.55833033,9.482817092,,1627660370056100000
1.62766E+18,18.80184026,9.292130229,,1627660370161610000
1.62766E+18,18.61639896,8.863614941,,1627660370254540000
1.62766E+18,20.41006345,9.516272437,,1627660370356480000
1.62766E+18,18.51426839,8.726577015,,1627660370454950000
1.62766E+18,19.08272906,9.52551261,,1627660370555640000
1.62766E+18,19.0562241,8.565490272,,1627660370655420000
1.62766E+18,19.26305908,8.25892775,,1627660370756030000
1.62766E+18,19.66640138,8.340375518,,1627660370856930000
1.62766E+18,18.31627258,9.705248506,,1627660370955910000
1.62766E+18,19.71059815,9.440940216,,1627660371055570000
1.62766E+18,19.79055377,8.272848599,,1627660371157560000
1.62766E+18,20.0882413,8.565497697,,1627660371258420000
1.62766E+18,18.71508044,8.970504863,,1627660371357020000
1.62766E+18,17.95639618,7.828080786,,1627660371456200000
1.62766E+18,19.99960007,7.172418048,,1627660371556780000
1.62766E+18,18.6196963,8.033687223,,1627660371655630000
1.62766E+18,19.0169508,7.041376708,,1627660371756620000
1.62766E+18,18.95935272,6.268999149,,1627660371856670000
1.62766E+18,19.1059184,6.524182008,,1627660371954610000
1.62766E+18,18.90267174,6.817525293,,1627660372055950000
1.62766E+18,19.87966748,6.876894377,,1627660372157060000
1.62766E+18,18.48209966,6.807886463,,1627660372254460000
1.62766E+18,19.97542823,5.699704451,,1627660372356810000
1.62766E+18,19.13904769,6.679220771,,1627660372456330000
1.62766E+18,20.62851358,4.574626605,,1627660372555840000
1.62766E+18,19.11619318,5.606622387,,1627660372658980000
1.62766E+18,19.49333076,5.616280263,,1627660372756090000
1.62766E+18,20.32300916,5.540824626,,1627660372854520000
1.62766E+18,18.84164039,6.487623767,,1627660372956870000
1.62766E+18,19.06050239,6.077442141,,1627660373057280000
1.62766E+18,20.10096082,4.43320286,,1627660373154120000
1.62766E+18,19.12784865,5.836294901,,1627660373257190000
1.62766E+18,19.47237697,5.211508665,,1627660373360600000
1.62766E+18,18.36385041,4.861480268,,1627660373456380000
1.62766E+18,19.37422249,5.822073871,,1627660373558710000
1.62766E+18,18.96984431,4.882265414,,1627660373658030000
1.62766E+18,18.55175371,3.115841936,,1627660373758490000
1.62766E+18,18.26122037,3.841093383,,1627660373854910000
1.62766E+18,18.08516906,3.864263753,,1627660373957560000
1.62766E+18,19.74931721,5.20079153,,1627660374057290000
1.62766E+18,17.52006277,3.369629528,,1627660374159000000
1.62766E+18,17.91573696,3.652726571,,1627660374254770000
1.62766E+18,18.70022378,3.147761992,,1627660374356870000
1.62766E+18,17.16188083,3.96628658,,1627660374457420000
1.62766E+18,18.16624215,2.832309597,,1627660374557360000
1.62766E+18,18.93571054,2.993668748,,1627660374656290000
1.62766E+18,17.37863714,4.017909452,,1627660374756010000
1.62766E+18,18.17861931,2.508226617,,1627660374856020000
1.62766E+18,17.81858464,2.200415368,,1627660374959190000
1.62766E+18,18.35662726,2.329861468,,1627660375064290000
1.62766E+18,17.85913712,0.897944741,,1627660375163460000
1.62766E+18,18.46419512,1.532951649,,1627660375258020000
1.62766E+18,17.95172613,1.059123653,,1627660375360440000
1.62766E+18,17.83603914,2.183101764,,1627660375456500000
1.62766E+18,18.8515896,1.95218181,,1627660375555190000
1.62766E+18,16.92084227,0.962191504,,1627660375655890000
1.62766E+18,17.3982526,1.401290669,,1627660375756180000
1.62766E+18,16.77115362,3.310103843,,1627660375856760000
1.62766E+18,16.26053185,0.736991029,,1627660375956510000
1.62766E+18,17.30377172,0.736922863,,1627660376055490000
1.62766E+18,17.79255269,1.212528938,,1627660376155370000
1.62766E+18,17.94655451,0.520507591,,1627660376255310000
1.62766E+18,17.11773393,-0.111395878,,1627660376358490000
1.62766E+18,16.85706607,1.43919839,,1627660376456280000
1.62766E+18,15.99629631,-0.385918595,,1627660376556380000
1.62766E+18,17.07136413,0.531764977,,1627660376659350000
1.62766E+18,16.239153,0.128107248,,1627660376756850000
1.62766E+18,16.9151622,0.206943317,,1627660376855380000
1.62766E+18,18.75749245,-1.177606699,,1627660376955050000
1.62766E+18,16.48004214,-0.730029318,,1627660377056090000
1.62766E+18,16.00140591,-0.043447572,,1627660377159660000
1.62766E+18,16.59032237,0.509480131,,1627660377257700000
1.62766E+18,17.29583637,-0.92668489,,1627660377356770000
1.62766E+18,15.65641863,0.151283082,,1627660377456420000
1.62766E+18,16.61757909,-1.589243274,,1627660377555900000
1.62766E+18,15.99004509,-0.085116861,,1627660377658760000
1.62766E+18,16.6361498,-1.271843315,,1627660377756290000
1.62766E+18,16.38172317,-0.486786902,,1627660377856100000
1.62766E+18,15.93628979,0.246870689,,1627660377954870000
1.62766E+18,15.59865507,-1.306894067,,1627660378055830000
1.62766E+18,16.40910452,-1.822320293,,1627660378158750000
1.62766E+18,14.48646187,-1.891433611,,1627660378255760000
1.62766E+18,15.56433007,-1.988361453,,1627660378356530000
1.62766E+18,16.10978251,-1.96246018,,1627660378455230000
1.62766E+18,14.9176977,-1.693501605,,1627660378556160000
1.62766E+18,14.16197715,-0.577483782,,1627660378655420000
1.62766E+18,14.54842319,-2.414654609,,1627660378756400000
1.62766E+18,14.89946575,-2.37581626,,1627660378855080000
1.62766E+18,13.74512359,-2.02333096,,1627660378956170000
1.62766E+18,14.04389574,-3.298523623,,1627660379056010000
1.62766E+18,13.87500914,-2.676323881,,1627660379159790000
1.62766E+18,14.23414438,-2.204188152,,1627660379255350000
1.62766E+18,14.6949197,-2.548341449,,1627660379355100000
1.62766E+18,14.20601158,-2.834887514,,1627660379455270000
1.62766E+18,14.31042433,-3.990175238,,1627660379555400000
1.62766E+18,14.58468872,-2.738445446,,1627660379659300000
1.62766E+18,13.92700452,-4.88441043,,1627660379758660000
1.62766E+18,13.58416008,-3.200957559,,1627660379857990000
1.62766E+18,12.76018855,-4.771500138,,1627660379956210000
1.62766E+18,14.43203086,-3.191685616,,1627660380056900000
1.62766E+18,11.95707787,-3.4056921,,1627660380157410000
1.62766E+18,13.18073432,-3.567266151,,1627660380257490000
1.62766E+18,12.59473873,-5.038391889,,1627660380356120000
1.62766E+18,12.36990395,-3.506247831,,1627660380455540000
1.62766E+18,12.37487774,-3.686769616,,1627660380555660000
1.62766E+18,12.13621783,-4.047636807,,1627660380657550000
1.62766E+18,13.43817913,-2.747699708,,1627660380755540000
1.62766E+18,11.94059565,-4.453559476,,1627660380859730000
1.62766E+18,13.05998228,-4.681476729,,1627660380956330000
1.62766E+18,12.66358613,-4.027936655,,1627660381055970000
1.62766E+18,11.33788244,-4.075628699,,1627660381157280000
1.62766E+18,12.42077222,-3.334906593,,1627660381256840000
1.62766E+18,13.23830163,-5.116143909,,1627660381356260000
1.62766E+18,12.1167217,-5.294413652,,1627660381457120000
1.62766E+18,12.21035638,-4.645126617,,1627660381557560000
1.62766E+18,10.74619254,-5.707532435,,1627660381655680000
1.62766E+18,10.18093877,-5.813701094,,1627660381755150000
1.62766E+18,10.91874091,-4.423914885,,1627660381856280000
1.62766E+18,11.0476068,-4.814879097,,1627660381954300000
1.62766E+18,10.52725508,-3.889202495,,1627660382054890000
1.62766E+18,10.51257452,-4.406435876,,1627660382157850000
1.62766E+18,11.95355629,-4.326850393,,1627660382254920000
1.62766E+18,10.32330358,-4.942808056,,1627660382356780000
1.62766E+18,10.52029157,-4.438445362,,1627660382457420000
1.62766E+18,9.727688049,-5.948384128,,1627660382557250000
1.62766E+18,8.934235297,-5.544946964,,1627660382658960000
1.62766E+18,10.56641483,-5.937006715,,1627660382758160000
1.62766E+18,8.8323474,-6.074006453,,1627660382856350000
1.62766E+18,9.046570497,-4.942070007,,1627660382956390000
1.62766E+18,8.563418765,-5.752656211,,1627660383055070000
1.62766E+18,9.098566377,-4.332766013,,1627660383157000000
1.62766E+18,8.467787665,-5.711859878,,1627660383256140000
1.62766E+18,9.263458052,-6.472593707,,1627660383355700000
1.62766E+18,7.843601385,-6.45256226,,1627660383456430000
1.62766E+18,9.089470023,-5.84626681,,1627660383556630000
1.62766E+18,9.296561121,-4.639444919,,1627660383653900000
1.62766E+18,8.501904765,-6.028499695,,1627660383757220000
1.62766E+18,7.766593533,-5.407118061,,1627660383856450000
1.62766E+18,8.295625417,-6.37236658,,1627660383955490000
1.62766E+18,8.202972231,-6.351754828,,1627660384057030000
1.62766E+18,7.626341635,-6.426845556,,1627660384157550000
1.62766E+18,9.661737758,-7.271867979,,1627660384255800000
1.62766E+18,7.667688513,-6.458616776,,1627660384356340000
1.62766E+18,6.733015209,-5.530661902,,1627660384456770000
1.62766E+18,8.634087948,-5.808111666,,1627660384554870000
1.62766E+18,6.565101938,-6.455569401,,1627660384656950000
1.62766E+18,7.617070808,-4.899841987,,1627660384756770000
1.62766E+18,7.218037133,-6.598555112,,1627660384856550000
1.62766E+18,6.006475317,-7.058106669,,1627660384955640000
1.62766E+18,7.016887026,-5.450217535,,1627660385055400000
1.62766E+18,4.730105114,-7.450458012,,1627660385159100000
1.62766E+18,6.391145193,-6.314676055,,1627660385259290000
1.62766E+18,6.581534411,-6.749538085,,1627660385358490000
1.62766E+18,5.525487802,-8.178512849,,1627660385457340000
1.62766E+18,6.332815389,-7.18297698,,1627660385558670000
1.62766E+18,5.903083398,-8.028573853,,1627660385657010000
1.62766E+18,5.077771625,-8.290695097,,1627660385756850000
1.62766E+18,4.601363916,-7.269970621,,1627660385855960000
1.62766E+18,7.706255231,-7.700912042,,1627660385955070000
1.62766E+18,5.844350368,-7.203679328,,1627660386058720000
1.62766E+18,6.111047128,-6.559140605,,1627660386157990000
1.62766E+18,4.357050177,-7.427038258,,1627660386254560000
1.62766E+18,3.445669921,-8.601719472,,1627660386357550000
1.62766E+18,5.694036325,-6.030252695,,1627660386455770000
1.62766E+18,5.635436731,-7.724783992,,1627660386557210000
1.62766E+18,3.393761464,-7.636204441,,1627660386655550000
1.62766E+18,4.545704802,-7.590172605,,1627660386755080000
1.62766E+18,4.001111157,-6.635065897,,1627660386857700000
1.62766E+18,4.984920056,-8.095787294,,1627660386955590000
1.62766E+18,4.071441871,-7.651133438,,1627660387055310000
1.62766E+18,3.445896032,-8.133012556,,1627660387156860000
1.62766E+18,3.174175343,-7.790480795,,1627660387254820000
1.62766E+18,3.30685183,-7.004103062,,1627660387356760000
1.62766E+18,3.197884907,-8.542287296,,1627660387456740000
1.62766E+18,3.45041582,-8.137689262,,1627660387557740000
1.62766E+18,2.052667931,-8.01074769,,1627660387656280000
1.62766E+18,1.782184335,-8.550145566,,1627660387756800000
1.62766E+18,2.131268587,-7.708551288,,1627660387856240000
1.62766E+18,2.672119501,-8.766082212,,1627660387956260000
1.62766E+18,3.849481997,-8.771498243,,1627660388058970000
1.62766E+18,1.588930317,-9.020782028,,1627660388157690000
1.62766E+18,2.497172501,-9.081341186,,1627660388257380000
1.62766E+18,2.768300964,-9.035820453,,1627660388355600000
1.62766E+18,2.898815885,-8.288861726,,1627660388455690000
1.62766E+18,2.286738152,-8.577110545,,1627660388554620000
1.62766E+18,1.51573046,-7.940734889,,1627660388656980000
1.62766E+18,2.710534617,-9.926903027,,1627660388759940000
1.62766E+18,2.002040791,-9.375644366,,1627660388856380000
1.62766E+18,2.346093265,-10.75382597,,1627660388957220000
1.62766E+18,2.142655123,-9.248716306,,1627660389056480000
1.62766E+18,-0.028961114,-10.95790615,,1627660389159170000
1.62766E+18,0.787072232,-9.3955518,,1627660389257640000
1.62766E+18,0.174110931,-10.17623584,,1627660389354170000
1.62766E+18,0.881036185,-10.29293953,,1627660389455840000
1.62766E+18,0.088550811,-9.381403473,,1627660389556330000
1.62766E+18,1.537301171,-10.3133966,,1627660389654410000
1.62766E+18,1.039292922,-10.81933205,,1627660389756710000
1.62766E+18,-0.030663082,-9.925074081,,1627660389855870000
1.62766E+18,0.532672761,-8.894916906,,1627660389957240000
1.62766E+18,0.392840529,-10.31009163,,1627660390055370000
1.62766E+18,0.917236144,-9.757678588,,1627660390158000000
1.62766E+18,-0.334345488,-10.48786875,,1627660390258070000
1.62766E+18,-0.30371237,-10.26623927,,1627660390356630000
1.62766E+18,0.173918793,-11.38026225,,1627660390458620000
1.62766E+18,-1.701881782,-10.46951859,,1627660390556390000
1.62766E+18,-1.020178766,-11.0471956,,1627660390656200000
1.62766E+18,-0.951714945,-11.75456927,,1627660390756220000
1.62766E+18,0.089732989,-10.42957168,,1627660390854940000
1.62766E+18,-0.567912008,-11.00462777,,1627660390957570000
1.62766E+18,-1.079570789,-12.25431604,,1627660391057250000
1.62766E+18,-2.906184097,-11.26799817,,1627660391155690000
1.62766E+18,-1.747827464,-12.03878091,,1627660391257030000
1.62766E+18,-2.390061685,-10.24174062,,1627660391358570000
1.62766E+18,-1.92364208,-10.08104727,,1627660391455220000
1.62766E+18,-2.044368843,-10.50141903,,1627660391557010000
1.62766E+18,-3.397645883,-10.76001023,,1627660391656140000
1.62766E+18,-1.548150736,-11.33245016,,1627660391755330000
1.62766E+18,-3.336029354,-13.17372931,,1627660391855740000
1.62766E+18,-2.428887497,-11.08966032,,1627660391958790000
1.62766E+18,-2.681639732,-12.19650106,,1627660392056840000
1.62766E+18,-2.638515781,-12.41118735,,1627660392166510000
1.62766E+18,-3.435171586,-12.08457152,,1627660392255590000
1.62766E+18,-2.964138277,-11.25994714,,1627660392358520000
1.62766E+18,-2.885226745,-11.25233971,,1627660392461350000
1.62766E+18,-3.001149367,-11.90594027,,1627660392557920000
1.62766E+18,-3.715181366,-11.49757389,,1627660392655850000
1.62766E+18,-3.636508341,-13.02327125,,1627660392756220000
1.62766E+18,-4.070203583,-12.06265824,,1627660392856150000
1.62766E+18,-3.985965317,-12.65731093,,1627660392956470000
1.62766E+18,-3.26606551,-12.06088378,,1627660393055460000
1.62766E+18,-3.98461808,-12.03037004,,1627660393157460000
1.62766E+18,-3.896918566,-12.29621584,,1627660393254750000
1.62766E+18,-4.439234835,-12.07307116,,1627660393356250000
1.62766E+18,-4.805367284,-12.74265495,,1627660393458030000
1.62766E+18,-4.892616596,-12.04427525,,1627660393555720000
1.62766E+18,-5.366513785,-13.98522806,,1627660393658160000
1.62766E+18,-5.153273341,-12.08777745,,1627660393757280000
1.62766E+18,-4.14908011,-13.65128917,,1627660393857610000
1.62766E+18,-5.961367025,-11.54166083,,1627660393957900000
1.62766E+18,-5.018690894,-13.0250747,,1627660394056520000
1.62766E+18,-4.894526646,-12.17179306,,1627660394158340000
1.62766E+18,-4.188461181,-13.58934947,,1627660394259340000
1.62766E+18,-6.431823117,-13.63066135,,1627660394356930000
1.62766E+18,-6.542040126,-14.49558715,,1627660394456710000
1.62766E+18,-5.903400684,-13.6002571,,1627660394556290000
1.62766E+18,-6.222736308,-14.69844476,,1627660394657260000
1.62766E+18,-5.19410015,-14.71849561,,1627660394755290000
1.62766E+18,-6.167460879,-13.42398283,,1627660394856700000
1.62766E+18,-4.246140237,-14.169451,,1627660394954800000
1.62766E+18,-5.957903237,-13.79941595,,1627660395056290000
1.62766E+18,-7.185797877,-12.56868914,,1627660395157740000
1.62766E+18,-7.715920542,-13.91725223,,1627660395257110000
1.62766E+18,-5.56947074,-13.44376755,,1627660395358130000
1.62766E+18,-6.708819666,-12.64442275,,1627660395457620000
1.62766E+18,-7.959521135,-13.53454883,,1627660395558360000
1.62766E+18,-7.733813365,-15.01321382,,1627660395656980000
1.62766E+18,-7.258600824,-14.25921476,,1627660395755880000
1.62766E+18,-8.537227258,-14.66390438,,1627660395857400000
1.62766E+18,-6.15726303,-14.82573387,,1627660395956130000
1.62766E+18,-9.172635958,-15.75496203,,1627660396055270000
1.62766E+18,-7.904792472,-13.51581707,,1627660396157060000
1.62766E+18,-7.156658701,-14.68296493,,1627660396259790000
1.62766E+18,-7.697186562,-14.25727625,,1627660396359070000
1.62766E+18,-8.28997844,-14.89600022,,1627660396454810000
1.62766E+18,-8.858727812,-13.95834627,,1627660396556120000
1.62766E+18,-9.958038642,-14.81379864,,1627660396657050000
1.62766E+18,-8.410173414,-14.11142079,,1627660396754130000
1.62766E+18,-8.952201128,-14.9474709,,1627660396857600000
1.62766E+18,-9.444593058,-14.66490452,,1627660396955350000
1.62766E+18,-7.891792675,-13.59410697,,1627660397058330000
1.62766E+18,-8.498667886,-13.595833,,1627660397156660000
1.62766E+18,-9.066489421,-14.98520653,,1627660397255730000
1.62766E+18,-11.05835236,-15.20985705,,1627660397356640000
1.62766E+18,-9.734667038,-14.68559586,,1627660397454860000
1.62766E+18,-10.16179956,-14.99837512,,1627660397556590000
1.62766E+18,-11.38005909,-14.43724238,,1627660397655750000
1.62766E+18,-10.90918666,-15.30096016,,1627660397755250000
1.62766E+18,-11.49308355,-14.84825933,,1627660397856300000
1.62766E+18,-10.43449764,-13.62159815,,1627660397957810000
1.62766E+18,-9.792338847,-14.2894772,,1627660398058910000
1.62766E+18,-10.47755983,-13.58776975,,1627660398157450000
1.62766E+18,-11.14388917,-14.48415594,,1627660398257070000
1.62766E+18,-11.90117225,-13.56882702,,1627660398357930000
1.62766E+18,-11.96753816,-14.14307356,,1627660398453860000
1.62766E+18,-11.95365044,-15.56163666,,1627660398556340000
1.62766E+18,-12.50409202,-14.33216441,,1627660398660240000
1.62766E+18,-11.58086077,-13.08630007,,1627660398755290000
1.62766E+18,-12.6694645,-13.92952838,,1627660398856310000
1.62766E+18,-12.20860519,-12.71112527,,1627660398956120000
1.62766E+18,-13.23316235,-14.31437543,,1627660399055650000
1.62766E+18,-11.72543574,-11.8366507,,1627660399157100000
1.62766E+18,-12.28286871,-14.46000912,,1627660399255200000
1.62766E+18,-12.38924141,-14.74788173,,1627660399356190000
1.62766E+18,-12.00388637,-14.39304117,,1627660399455050000
1.62766E+18,-15.46861011,-12.54896852,,1627660399560110000
1.62766E+18,-11.83578732,-12.44503753,,1627660399656770000
1.62766E+18,-14.18841183,-13.21444084,,1627660399756960000
1.62766E+18,-12.14031728,-12.64869543,,1627660399855390000
1.62766E+18,-12.97932958,-12.31776562,,1627660399957790000
1.62766E+18,-12.94448251,-12.67629842,,1627660400059110000
1.62766E+18,-13.28923344,-12.86130599,,1627660400157710000
1.62766E+18,-12.03133091,-13.61210825,,1627660400255590000
1.62766E+18,-13.05025186,-13.08314076,,1627660400356430000
1.62766E+18,-13.97107136,-11.15809073,,1627660400457010000
1.62766E+18,-14.21708337,-13.80093876,,1627660400555690000
1.62766E+18,-12.68833469,-12.28419791,,1627660400656430000
1.62766E+18,-14.68588435,-11.98549526,,1627660400754810000
1.62766E+18,-15.04383091,-11.95602852,,1627660400855230000
1.62766E+18,-14.6680849,-11.76388079,,1627660400956300000
1.62766E+18,-15.40749111,-10.61283908,,1627660401056920000
1.62766E+18,-13.63079892,-10.77853766,,1627660401156210000
1.62766E+18,-14.65208848,-11.51691967,,1627660401255950000
1.62766E+18,-14.57760619,-11.7886034,,1627660401359790000
1.62766E+18,-14.75873568,-9.846689874,,1627660401454900000
1.62766E+18,-14.29640922,-10.09949881,,1627660401555610000
1.62766E+18,-15.09804025,-12.48383357,,1627660401654410000
1.62766E+18,-14.31750149,-11.27943694,,1627660401755580000
1.62766E+18,-15.19461992,-11.07188529,,1627660401856400000
1.62766E+18,-15.50004306,-11.23118245,,1627660401956720000
1.62766E+18,-16.34659122,-9.917400248,,1627660402057060000
1.62766E+18,-14.66880136,-12.05992505,,1627660402158570000
1.62766E+18,-15.38404088,-8.653279993,,1627660402255770000
1.62766E+18,-15.85749881,-9.668601594,,1627660402354840000
1.62766E+18,-15.37884365,-11.09608365,,1627660402457570000
1.62766E+18,-16.27336639,-9.847077873,,1627660402556050000
1.62766E+18,-16.65953291,-10.47548206,,1627660402655570000
1.62766E+18,-15.44501668,-8.255309987,,1627660402755630000
1.62766E+18,-15.98941737,-9.794819907,,1627660402855940000
1.62766E+18,-15.37575782,-9.88883258,,1627660402956540000
1.62766E+18,-14.40540156,-9.105767772,,1627660403056640000
1.62766E+18,-15.73611376,-8.938296159,,1627660403157300000
1.62766E+18,-15.09755052,-9.434874173,,1627660403257360000
1.62766E+18,-16.51820929,-8.701708905,,1627660403357150000
1.62766E+18,-15.60813758,-8.584638416,,1627660403455490000
1.62766E+18,-15.61608083,-7.914046186,,1627660403555430000
1.62766E+18,-17.54631568,-9.460179993,,1627660403657670000
1.62766E+18,-16.17554447,-7.708080138,,1627660403757940000
1.62766E+18,-16.62831129,-8.384563515,,1627660403857150000
1.62766E+18,-16.38040875,-8.411861429,,1627660403955820000
1.62766E+18,-17.01510406,-6.790169715,,1627660404056950000
1.62766E+18,-16.20980081,-8.305406919,,1627660404159350000
1.62766E+18,-16.2884823,-7.913997936,,1627660404258480000
1.62766E+18,-16.56218955,-6.905637883,,1627660404363280000
1.62766E+18,-14.54686012,-7.631279431,,1627660404455590000
1.62766E+18,-17.71913943,-6.944693009,,1627660404555170000
1.62766E+18,-16.85864675,-7.239426972,,1627660404655240000
1.62766E+18,-17.93600219,-6.80423864,,1627660404755740000
1.62766E+18,-17.13789815,-6.728323342,,1627660404854640000
1.62766E+18,-17.01270209,-6.362006286,,1627660404956820000
1.62766E+18,-17.36284322,-7.514917176,,1627660405057190000
1.62766E+18,-16.82542842,-5.998820736,,1627660405158250000
1.62766E+18,-16.87506312,-6.643238587,,1627660405255690000
1.62766E+18,-17.10702752,-6.200443399,,1627660405357480000
1.62766E+18,-16.18067257,-5.9181759,,1627660405455930000
1.62766E+18,-16.30897722,-7.105728612,,1627660405556780000
1.62766E+18,-17.1415072,-4.001086382,,1627660405655020000
1.62766E+18,-16.68611628,-5.942285007,,1627660405755800000
1.62766E+18,-17.49872869,-4.487397088,,1627660405855130000
1.62766E+18,-15.80391254,-4.826419509,,1627660405957620000
1.62766E+18,-17.79676035,-2.710235535,,1627660406055530000
1.62766E+18,-16.36341054,-3.093056394,,1627660406156660000
1.62766E+18,-17.24507086,-4.486870477,,1627660406256880000
1.62766E+18,-15.95670799,-4.304749152,,1627660406358120000
1.62766E+18,-17.03849074,-2.741758087,,1627660406455690000
1.62766E+18,-17.44893896,-5.87141395,,1627660406559670000
1.62766E+18,-16.68844106,-4.075219955,,1627660406656160000
1.62766E+18,-16.55648558,-3.107124201,,1627660406756080000
1.62766E+18,-16.57080569,-2.919469973,,1627660406857180000
1.62766E+18,-16.56731783,-3.879819685,,1627660406956240000
1.62766E+18,-17.14833713,-2.292597556,,1627660407058110000
1.62766E+18,-15.95236774,-3.712270251,,1627660407158470000
1.62766E+18,-15.90947816,-4.17538173,,1627660407255560000
1.62766E+18,-16.01574085,-4.546292489,,1627660407357190000
1.62766E+18,-15.61930434,-2.725921056,,1627660407457900000
1.62766E+18,-16.50493552,-1.646756195,,1627660407554790000
1.62766E+18,-17.12389871,-2.381013163,,1627660407658970000
1.62766E+18,-15.31705502,-2.427949585,,1627660407758920000
1.62766E+18,-17.56436305,-3.618528376,,1627660407854200000
1.62766E+18,-16.56152773,-1.873998897,,1627660407957670000
1.62766E+18,-16.39728286,-2.907947074,,1627660408057480000
1.62766E+18,-16.78969725,-1.466167758,,1627660408158680000
1.62766E+18,-16.22886134,-1.92304812,,1627660408254990000
1.62766E+18,-16.33776311,-2.050245663,,1627660408355720000
1.62766E+18,-16.25455422,-0.999258253,,1627660408456400000
1.62766E+18,-16.39796517,-0.469018796,,1627660408555200000
1.62766E+18,-16.79782509,-0.800178522,,1627660408656380000
1.62766E+18,-14.85460666,-1.06486646,,1627660408755930000
1.62766E+18,-15.79227191,-0.128952555,,1627660408856180000
1.62766E+18,-15.34618889,-0.739634838,,1627660408956510000
1.62766E+18,-15.01212194,-1.003584107,,1627660409054950000
1.62766E+18,-15.45726817,0.489071957,,1627660409156160000
1.62766E+18,-16.62959739,0.527003674,,1627660409255750000
1.62766E+18,-15.00873662,0.884946641,,1627660409355330000
1.62766E+18,-16.11268114,0.936877622,,1627660409455390000
1.62766E+18,-17.5745992,0.396959878,,1627660409558820000
1.62766E+18,-16.47883892,0.583349207,,1627660409655090000
1.62766E+18,-15.67026614,0.706984061,,1627660409755560000
1.62766E+18,-15.33115952,0.253904645,,1627660409854500000
1.62766E+18,-16.69278714,0.521367702,,1627660409955620000
1.62766E+18,-15.18820902,1.57533502,,1627660410054990000
1.62766E+18,-15.24294205,1.521344934,,1627660410156480000
1.62766E+18,-15.25351498,0.14493875,,1627660410256230000
1.62766E+18,-16.38384528,2.13374172,,1627660410356370000
1.62766E+18,-16.22095226,1.68953135,,1627660410457250000
1.62766E+18,-16.2673445,1.907815334,,1627660410554730000
1.62766E+18,-15.53599122,1.814547567,,1627660410654840000
1.62766E+18,-14.92310011,2.016547456,,1627660410754910000
1.62766E+18,-16.78145334,1.950512565,,1627660410856070000
1.62766E+18,-15.42713467,1.220161744,,1627660410954880000
1.62766E+18,-16.44858966,3.523573405,,1627660411056290000
1.62766E+18,-15.16401524,3.328485118,,1627660411155420000
1.62766E+18,-15.763958,3.209986368,,1627660411256760000
1.62766E+18,-15.24211547,1.81729893,,1627660411354870000
1.62766E+18,-16.52551391,3.304148662,,1627660411456250000
1.62766E+18,-15.68935157,3.527601458,,1627660411557370000
1.62766E+18,-15.32190879,3.539492834,,1627660411656390000
1.62766E+18,-15.34105177,4.877319427,,1627660411756300000
1.62766E+18,-15.57366131,3.421245867,,1627660411856530000
1.62766E+18,-15.08104226,4.816810848,,1627660411959550000
1.62766E+18,-15.77832062,4.109659706,,1627660412057130000
1.62766E+18,-15.12631669,4.434982752,,1627660412158300000
1.62766E+18,-16.18234284,4.632933063,,1627660412255610000
1.62766E+18,-15.95592266,4.244610024,,1627660412356120000
1.62766E+18,-15.50953006,6.085178611,,1627660412455230000
1.62766E+18,-15.36373382,5.779959771,,1627660412557710000
1.62766E+18,-14.66234479,3.729059332,,1627660412654990000
1.62766E+18,-15.62256166,5.409056494,,1627660412756930000
1.62766E+18,-15.39821119,6.212595594,,1627660412857440000
1.62766E+18,-15.20100646,6.076687355,,1627660412958060000
1.62766E+18,-15.80120859,4.322704684,,1627660413054590000
1.62766E+18,-15.84484231,5.158877242,,1627660413155650000
1.62766E+18,-15.22337197,5.967038099,,1627660413256010000
1.62766E+18,-15.96880977,7.294455293,,1627660413355340000
1.62766E+18,-13.88973232,6.816760708,,1627660413458650000
1.62766E+18,-13.52250319,5.879032919,,1627660413557540000
1.62766E+18,-14.2104613,6.212163988,,1627660413656160000
1.62766E+18,-14.80838797,6.839690086,,1627660413755220000
1.62766E+18,-16.46932701,7.043911852,,1627660413854470000
1.62766E+18,-14.15730568,7.426429902,,1627660413958430000
1.62766E+18,-14.05462727,7.210470424,,1627660414057260000
1.62766E+18,-14.95042955,8.936375919,,1627660414157800000
1.62766E+18,-14.46545956,7.926806457,,1627660414256240000
1.62766E+18,-14.63277648,9.382308407,,1627660414355480000
1.62766E+18,-14.6302427,8.205907149,,1627660414457740000
1.62766E+18,-14.4264774,6.092258998,,1627660414556410000
1.62766E+18,-15.32760173,8.2297411,,1627660414657410000
1.62766E+18,-14.06451983,9.059590165,,1627660414757590000
1.62766E+18,-14.18062518,8.089761847,,1627660414857520000
1.62766E+18,-13.84913404,8.459202752,,1627660414955060000
1.62766E+18,-13.99947137,10.51738156,,1627660415055050000
1.62766E+18,-13.40965562,10.02226993,,1627660415157030000
1.62766E+18,-14.22994684,9.919193155,,1627660415256290000
1.62766E+18,-13.86536157,9.599546032,,1627660415356150000
1.62766E+18,-12.37559512,8.922594589,,1627660415455540000
1.62766E+18,-12.34953542,10.12553901,,1627660415560350000
1.62766E+18,-12.47903095,10.698373,,1627660415656420000
1.62766E+18,-11.89036059,10.10872473,,1627660415759370000
1.62766E+18,-14.02941826,9.608616023,,1627660415855870000
1.62766E+18,-12.58800505,11.45306121,,1627660415955790000
1.62766E+18,-11.44789909,11.10218301,,1627660416056570000
1.62766E+18,-12.13257479,11.31073775,,1627660416157800000
1.62766E+18,-12.34009529,11.96848907,,1627660416255720000
1.62766E+18,-11.05652819,11.39428665,,1627660416354130000
1.62766E+18,-11.78422221,11.75546648,,1627660416456730000
1.62766E+18,-11.06760245,10.9722625,,1627660416556140000
1.62766E+18,-10.97477054,11.70112561,,1627660416655890000
1.62766E+18,-9.882838551,10.630829,,1627660416754970000
1.62766E+18,-10.39077675,11.07595964,,1627660416856020000
1.62766E+18,-9.755905272,12.29807554,,1627660416955400000
1.62766E+18,-10.94973018,10.76698469,,1627660417057570000
1.62766E+18,-9.737228141,11.86348652,,1627660417158380000
1.62766E+18,-8.860931917,11.41346856,,1627660417256600000
1.62766E+18,-9.477891696,12.29942222,,1627660417356040000
1.62766E+18,-10.20253495,10.26228277,,1627660417458700000
1.62766E+18,-8.978029481,10.75567809,,1627660417555420000
1.62766E+18,-9.549571617,10.62245721,,1627660417654940000
1.62766E+18,-7.986192856,10.72485519,,1627660417755370000
1.62766E+18,-8.750648089,10.34514149,,1627660417854330000
1.62766E+18,-7.761135013,10.78219192,,1627660417954980000
1.62766E+18,-7.300191107,11.09903915,,1627660418055890000
1.62766E+18,-5.98335716,11.21375683,,1627660418156260000
1.62766E+18,-6.053613402,10.60437369,,1627660418255160000
1.62766E+18,-5.943084098,9.954470615,,1627660418355310000
1.62766E+18,-5.650753025,11.54660845,,1627660418456070000
1.62766E+18,-7.393468338,11.24609307,,1627660418558810000
1.62766E+18,-7.214509516,11.41475328,,1627660418655540000
1.62766E+18,-4.929463067,10.72557111,,1627660418756510000
1.62766E+18,-4.112820853,10.78970419,,1627660418857350000
1.62766E+18,-3.709289819,8.848244106,,1627660418954770000
1.62766E+18,-3.949924562,10.76879706,,1627660419055230000
1.62766E+18,-3.015528821,9.47461485,,1627660419155290000
1.62766E+18,-3.782361002,10.47696055,,1627660419255010000
1.62766E+18,-2.320188746,9.533256107,,1627660419358280000
1.62766E+18,-2.08493088,9.267854738,,1627660419455740000
1.62766E+18,-2.880928916,11.31832882,,1627660419555460000
1.62766E+18,-2.620612163,10.18818895,,1627660419657310000
1.62766E+18,-2.723730135,9.066424002,,1627660419754990000
1.62766E+18,-1.95035417,9.072042297,,1627660419855870000
1.62766E+18,-2.32332863,10.70122437,,1627660419957090000
1.62766E+18,-1.097234653,8.711080197,,1627660420055300000
1.62766E+18,-0.310631134,8.355622086,,1627660420154930000
1.62766E+18,-1.108268506,9.019431048,,1627660420255490000
1.62766E+18,-0.7892528,8.951265003,,1627660420355210000
1.62766E+18,-0.847549472,9.812590287,,1627660420458370000
1.62766E+18,-0.369665553,8.275689652,,1627660420555280000
1.62766E+18,-0.086037827,8.944390072,,1627660420655940000
1.62766E+18,0.288509807,9.022623813,,1627660420756880000
1.62766E+18,0.521210352,9.632605658,,1627660420855090000
1.62766E+18,1.092561889,8.562483425,,1627660420955020000
1.62766E+18,1.217078929,10.23656841,,1627660421055030000
1.62766E+18,0.93469541,8.479996684,,1627660421156750000
1.62766E+18,2.240103986,9.186657806,,1627660421255830000
1.62766E+18,1.959293871,8.624404422,,1627660421356050000
1.62766E+18,1.711089162,11.2734935,,1627660421455420000
1.62766E+18,2.5225652,9.900861817,,1627660421556250000
1.62766E+18,2.241741855,10.13075858,,1627660421656500000
1.62766E+18,2.90245755,10.21762832,,1627660421756740000
1.62766E+18,2.247882586,11.74440538,,1627660421855680000
1.62766E+18,4.275174523,9.945835705,,1627660421956730000
1.62766E+18,4.100600693,11.20370953,,1627660422056190000
1.62766E+18,3.70979713,11.97712738,,1627660422156730000
1.62766E+18,6.077693604,10.38877164,,1627660422257670000
1.62766E+18,3.948933997,10.78945963,,1627660422356000000
1.62766E+18,6.43506658,10.57934236,,1627660422457940000
1.62766E+18,6.121270885,12.36036388,,1627660422559450000
1.62766E+18,4.823423449,11.71781025,,1627660422656650000
1.62766E+18,6.164698302,12.12283559,,1627660422755090000
1.62766E+18,6.36772788,12.39249807,,1627660422855110000
1.62766E+18,8.027780823,12.06818546,,1627660422954080000
1.62766E+18,7.168000524,11.60104968,,1627660423055780000
1.62766E+18,6.54129563,12.3466783,,1627660423156330000
1.62766E+18,7.23234185,10.93351841,,1627660423255950000
1.62766E+18,7.530384228,14.60730408,,1627660423356850000
1.62766E+18,8.687939578,13.04488043,,1627660423455380000
1.62766E+18,7.562945149,12.72992022,,1627660423555690000
1.62766E+18,8.938371984,14.06148314,,1627660423654990000
1.62766E+18,8.477029978,13.45011232,,1627660423756960000
1.62766E+18,9.499173554,13.89596629,,1627660423856370000
1.62766E+18,9.621803725,13.73789381,,1627660423957470000
1.62766E+18,9.438895885,15.30400326,,1627660424056390000
1.62766E+18,10.45262222,14.03220982,,1627660424157550000
1.62766E+18,11.1259188,14.01365974,,1627660424255290000
1.62766E+18,11.0920044,13.30050765,,1627660424355440000
1.62766E+18,11.58629142,13.62723653,,1627660424455770000
1.62766E+18,11.52803618,14.41205726,,1627660424556880000
1.62766E+18,11.42898505,15.43080296,,1627660424655040000
1.62766E+18,12.07779393,13.68173053,,1627660424755700000
1.62766E+18,11.66984416,14.52896524,,1627660424857570000
1.62766E+18,11.78587099,13.33774996,,1627660424957210000
1.62766E+18,11.71779715,14.21408802,,1627660425053950000
1.62766E+18,13.50329907,14.51996977,,1627660425156640000
1.62766E+18,13.68569838,14.46890437,,1627660425256660000
1.62766E+18,12.3121876,14.06315863,,1627660425355110000
1.62766E+18,12.67761351,13.22733553,,1627660425454810000
1.62766E+18,14.09793012,15.02143126,,1627660425557730000
1.62766E+18,13.96604272,14.64071317,,1627660425655830000
1.62766E+18,14.01444269,14.51007107,,1627660425755590000
1.62766E+18,14.31097124,13.73273372,,1627660425857440000
1.62766E+18,12.82255352,13.40425826,,1627660425955320000
1.62766E+18,14.44263887,13.9273104,,1627660426055170000
1.62766E+18,14.1112151,14.41684636,,1627660426156800000
1.62766E+18,16.10548279,13.75733607,,1627660426255540000
1.62766E+18,15.60115927,13.67312275,,1627660426355070000
1.62766E+18,15.29506079,14.31375733,,1627660426456600000
1.62766E+18,15.98059031,12.91435105,,1627660426555340000
1.62766E+18,16.91297489,14.28418754,,1627660426655820000
1.62766E+18,15.66285173,12.89517573,,1627660426755710000
1.62766E+18,15.69593046,13.49904705,,1627660426854580000
1.62766E+18,16.96845658,12.14122037,,1627660426956340000
1.62766E+18,16.50047466,12.26252812,,1627660427056110000
1.62766E+18,15.77997343,12.30972902,,1627660427157940000
1.62766E+18,18.17647886,13.01880215,,1627660427255230000
1.62766E+18,16.98696772,11.15371908,,1627660427355920000
1.62766E+18,17.31203428,12.17304948,,1627660427455340000
1.62766E+18,16.76659928,12.00007284,,1627660427557050000
1.62766E+18,18.98273886,12.74405489,,1627660427654670000
1.62766E+18,18.10513801,11.53592654,,1627660427756050000
1.62766E+18,18.42885314,11.26583111,,1627660427855900000
1.62766E+18,17.57486349,11.11367388,,1627660427956160000
1.62766E+18,17.5069275,12.08209187,,1627660428057120000
1.62766E+18,19.28544304,9.69377692,,1627660428156240000
1.62766E+18,18.70830254,10.71895752,,1627660428256800000
1.62766E+18,19.84930642,10.87537878,,1627660428355160000
1.62766E+18,19.20979164,8.218444421,,1627660428458110000
1.62766E+18,19.37451944,9.408801965,,1627660428555580000
1.62766E+18,18.15177034,9.68532384,,1627660428656560000
1.62766E+18,18.42298525,8.958932088,,1627660428755700000
1.62766E+18,18.87853227,8.857255759,,1627660428855050000
1.62766E+18,18.88524565,10.06337595,,1627660428958100000
1.62766E+18,18.7418714,8.463288555,,1627660429055510000
1.62766E+18,18.22802716,8.709993732,,1627660429158480000
1.62766E+18,18.89886741,7.850738531,,1627660429255230000
1.62766E+18,20.2374141,6.829809904,,1627660429353930000
1.62766E+18,18.83887976,7.654417968,,1627660429454770000
1.62766E+18,18.30863227,5.797737042,,1627660429558060000
1.62766E+18,19.82271312,6.596808892,,1627660429659400000
1.62766E+18,19.86832606,7.113408303,,1627660429756720000
1.62766E+18,19.36074172,5.307448253,,1627660429856520000
1.62766E+18,19.77505395,6.350427981,,1627660429955750000
1.62766E+18,18.39755706,6.294346707,,1627660430058090000
1.62766E+18,17.95966756,6.529957227,,1627660430159290000
1.62766E+18,18.78544836,5.80986406,,1627660430256370000
1.62766E+18,18.86439318,4.801320595,,1627660430354870000
1.62766E+18,19.39669343,4.468276645,,1627660430455990000
1.62766E+18,18.88951138,3.707578924,,1627660430556460000
1.62766E+18,18.50461072,4.031528321,,1627660430656730000
1.62766E+18,18.98605005,3.074713586,,1627660430755580000
1.62766E+18,17.75785391,2.745186487,,1627660430855020000
1.62766E+18,18.69092574,2.950016458,,1627660430954840000
1.62766E+18,18.19565561,3.149976486,,1627660431054210000
1.62766E+18,18.35532776,1.646383857,,1627660431160200000
1.62766E+18,18.23429661,3.144917026,,1627660431254850000
1.62766E+18,16.97639216,1.960958464,,1627660431358070000
1.62766E+18,16.9754858,2.387347247,,1627660431455520000
1.62766E+18,16.62386985,1.272521922,,1627660431554090000
1.62766E+18,16.24314245,1.284614053,,1627660431655670000
1.62766E+18,16.07587911,0.708037633,,1627660431756400000
1.62766E+18,14.99991872,0.157709386,,1627660431855260000
1.62766E+18,17.3304057,0.226199666,,1627660431955610000
1.62766E+18,17.75992407,1.191145831,,1627660432055360000
1.62766E+18,16.21391616,0.419637518,,1627660432156100000
1.62766E+18,15.95920128,0.215012722,,1627660432254710000
1.62766E+18,16.82597872,-0.464728327,,1627660432361550000
1.62766E+18,14.96413022,0.231671226,,1627660432455220000
1.62766E+18,16.28025039,0.44915886,,1627660432555720000
1.62766E+18,16.32230638,-0.974132617,,1627660432656510000
1.62766E+18,15.19080958,-1.78950937,,1627660432755890000
1.62766E+18,16.13758547,-2.70788083,,1627660432855640000
1.62766E+18,16.18641374,-2.348919372,,1627660432955870000
1.62766E+18,14.31447403,-1.311004528,,1627660433056570000
1.62766E+18,15.68463641,-1.958799453,,1627660433158720000
1.62766E+18,15.13639163,-2.424231706,,1627660433256400000
1.62766E+18,14.0547024,-2.842333488,,1627660433359440000
1.62766E+18,14.04510648,-3.297811613,,1627660433456780000
1.62766E+18,14.97983945,-2.702614253,,1627660433555050000
1.62766E+18,13.39055688,-3.340176872,,1627660433656070000
1.62766E+18,13.12881016,-3.175942361,,1627660433757800000
1.62766E+18,12.40765167,-3.979761887,,1627660433857180000
1.62766E+18,13.96708371,-4.188253579,,1627660433954610000
1.62766E+18,12.18060501,-4.627156248,,1627660434057750000
1.62766E+18,10.99209826,-3.342630753,,1627660434155930000
1.62766E+18,12.52638906,-5.728872549,,1627660434255860000
1.62766E+18,11.41692302,-4.373512528,,1627660434354590000
1.62766E+18,11.56225758,-4.105301385,,1627660434457560000
1.62766E+18,11.05018109,-4.671102227,,1627660434556620000
1.62766E+18,12.18952139,-3.865101296,,1627660434654100000
1.62766E+18,10.90542663,-4.746333265,,1627660434756780000
1.62766E+18,9.990303058,-5.082774366,,1627660434855090000
1.62766E+18,10.72016578,-5.94626069,,1627660434957630000
1.62766E+18,8.684403326,-4.6470079,,1627660435057790000
1.62766E+18,8.23674261,-4.149931846,,1627660435155630000
1.62766E+18,7.673636525,-5.227178568,,1627660435255910000
1.62766E+18,8.452521309,-6.359873656,,1627660435356540000
1.62766E+18,6.936781972,-6.609852571,,1627660435455980000
1.62766E+18,7.157858292,-6.409084661,,1627660435555810000
1.62766E+18,7.766633038,-6.390432904,,1627660435655290000
1.62766E+18,6.913158454,-6.730192641,,1627660435757420000
1.62766E+18,5.906773983,-6.578935345,,1627660435855370000
1.62766E+18,5.246287799,-7.155543265,,1627660435955500000
1.62766E+18,4.393556845,-7.215678355,,1627660436055790000
1.62766E+18,5.028937683,-6.947971984,,1627660436156560000
1.62766E+18,4.699660659,-8.323945711,,1627660436254560000
1.62766E+18,4.217737805,-7.594031905,,1627660436357550000
1.62766E+18,5.725568985,-7.925665339,,1627660436458340000
1.62766E+18,2.498702788,-8.335609265,,1627660436555430000
1.62766E+18,4.902547985,-8.141299912,,1627660436657550000
1.62766E+18,3.451598955,-8.687956774,,1627660436755500000
1.62766E+18,2.342751928,-7.657761328,,1627660436856320000
1.62766E+18,2.434526911,-7.390281089,,1627660436957000000
1.62766E+18,1.401656307,-7.680200611,,1627660437057170000
1.62766E+18,3.234772075,-8.495562864,,1627660437155820000
1.62766E+18,2.16320686,-6.887086168,,1627660437255620000
1.62766E+18,0.106492369,-8.761121137,,1627660437357600000
1.62766E+18,0.604290757,-7.772414896,,1627660437455140000
1.62766E+18,-0.681794464,-8.076291443,,1627660437558300000
1.62766E+18,0.454151199,-9.172525475,,1627660437655070000
1.62766E+18,0.518448273,-10.16607994,,1627660437755200000
1.62766E+18,-0.784997439,-8.951814549,,1627660437856410000
1.62766E+18,-2.275137833,-10.16139161,,1627660437954500000
1.62766E+18,-1.247587003,-10.3600427,,1627660438056980000
1.62766E+18,-1.929591479,-10.65397367,,1627660438157110000
1.62766E+18,-1.686902092,-11.86345346,,1627660438254550000
1.62766E+18,-2.110341901,-11.48630642,,1627660438358420000
1.62766E+18,-3.042348776,-11.23161906,,1627660438454370000
1.62766E+18,-2.612190413,-11.17124496,,1627660438556700000
1.62766E+18,-3.688642734,-13.88201462,,1627660438656840000
1.62766E+18,-2.477258733,-12.72946659,,1627660438755260000
1.62766E+18,-3.00305263,-11.34065916,,1627660438856550000
1.62766E+18,-3.519174928,-13.93518614,,1627660438953650000
1.62766E+18,-3.381992175,-13.18225641,,1627660439056460000
1.62766E+18,-4.164699846,-13.57669256,,1627660439157620000
1.62766E+18,-5.63552373,-13.38838448,,1627660439257660000
1.62766E+18,-5.691555451,-13.55198741,,1627660439355860000
1.62766E+18,-5.32228359,-14.24630599,,1627660439457470000
1.62766E+18,-5.970634255,-14.57602292,,1627660439555430000
1.62766E+18,-6.456110212,-13.62998463,,1627660439655510000
1.62766E+18,-6.762666873,-15.59515571,,1627660439756330000
1.62766E+18,-6.732680936,-12.93576094,,1627660439855410000
1.62766E+18,-6.271201404,-15.6783496,,1627660439956540000
1.62766E+18,-7.753469145,-14.05052819,,1627660440056510000
1.62766E+18,-7.6960408,-14.15835603,,1627660440157300000
1.62766E+18,-7.927577215,-15.59054831,,1627660440257500000
1.62766E+18,-8.164068631,-14.53791967,,1627660440357720000
1.62766E+18,-6.835666513,-15.68170326,,1627660440458730000
1.62766E+18,-8.426277992,-15.00431589,,1627660440554780000
1.62766E+18,-8.902763654,-15.18206609,,1627660440657540000
1.62766E+18,-8.784815203,-16.0232717,,1627660440757560000
1.62766E+18,-9.333829288,-15.73081592,,1627660440856520000
1.62766E+18,-9.442674471,-15.72537827,,1627660440956610000
1.62766E+18,-10.08679965,-14.90706509,,1627660441054500000
1.62766E+18,-8.733729582,-15.03830151,,1627660441156610000
1.62766E+18,-11.68843488,-15.50248188,,1627660441255750000
1.62766E+18,-9.047634572,-15.78073077,,1627660441357310000
1.62766E+18,-9.718713955,-14.73006787,,1627660441456100000
1.62766E+18,-8.524141772,-15.07383226,,1627660441555640000
1.62766E+18,-9.955132855,-14.61555385,,1627660441656400000
1.62766E+18,-10.09950997,-14.80245946,,1627660441755920000
1.62766E+18,-10.93404222,-15.00836841,,1627660441856420000
1.62766E+18,-11.23782222,-14.59611096,,1627660441956750000
1.62766E+18,-12.16647548,-13.83915984,,1627660442056480000
1.62766E+18,-11.7547335,-14.87886654,,1627660442158110000
1.62766E+18,-13.30286149,-15.78137705,,1627660442255530000
1.62766E+18,-12.55535268,-14.56515011,,1627660442356550000
1.62766E+18,-11.66549433,-14.80887509,,1627660442455230000
1.62766E+18,-11.66624186,-14.68967595,,1627660442557390000
1.62766E+18,-12.80307852,-14.62169103,,1627660442655900000
1.62766E+18,-12.30737773,-14.14396267,,1627660442755770000
1.62766E+18,-12.03625619,-13.69901085,,1627660442855610000
1.62766E+18,-12.58065302,-13.28599383,,1627660442955390000
1.62766E+18,-13.33442593,-13.73745538,,1627660443056120000
1.62766E+18,-13.70098669,-13.77205182,,1627660443156380000
1.62766E+18,-13.22982623,-12.68676404,,1627660443255640000
1.62766E+18,-13.51634274,-12.46184059,,1627660443356780000
1.62766E+18,-14.29682099,-13.12759417,,1627660443455740000
1.62766E+18,-14.2825543,-11.51429692,,1627660443553720000
1.62766E+18,-13.82291276,-12.44789074,,1627660443657130000
1.62766E+18,-14.95907996,-12.31147259,,1627660443755480000
1.62766E+18,-13.98067263,-12.38811585,,1627660443854130000
1.62766E+18,-15.31750525,-11.48052562,,1627660443955140000
1.62766E+18,-15.07651083,-11.19944078,,1627660444057420000
1.62766E+18,-15.10593901,-11.06749296,,1627660444156440000
1.62766E+18,-14.91216188,-11.72299187,,1627660444255630000
1.62766E+18,-16.45016813,-10.3812649,,1627660444354680000
1.62766E+18,-15.80159791,-10.08883091,,1627660444454740000
1.62766E+18,-16.66952742,-10.3151254,,1627660444556300000
1.62766E+18,-16.19699696,-9.097591763,,1627660444654730000
1.62766E+18,-15.33599302,-9.27673043,,1627660444754820000
1.62766E+18,-16.10921056,-8.756652271,,1627660444855520000
1.62766E+18,-14.80345701,-8.18250087,,1627660444957910000
1.62766E+18,-16.27134287,-10.08448788,,1627660445056010000
1.62766E+18,-15.86175465,-8.692589605,,1627660445157770000
1.62766E+18,-15.88942979,-9.301330928,,1627660445255450000
1.62766E+18,-16.06217694,-7.550244401,,1627660445356550000
1.62766E+18,-15.80845005,-6.240427704,,1627660445455000000
1.62766E+18,-14.55000807,-9.169138921,,1627660445557750000
1.62766E+18,-15.54484693,-6.054471565,,1627660445656380000
1.62766E+18,-14.49148528,-7.714856707,,1627660445754910000
1.62766E+18,-15.84904125,-6.972657553,,1627660445854920000
1.62766E+18,-17.79620808,-5.489929031,,1627660445955170000
1.62766E+18,-16.48933219,-5.011164367,,1627660446057170000
1.62766E+18,-16.10930186,-4.447980459,,1627660446156010000
1.62766E+18,-16.10915035,-4.8041778,,1627660446255960000
1.62766E+18,-17.11483411,-4.380746375,,1627660446354600000
1.62766E+18,-15.70077939,-5.928279671,,1627660446454660000
1.62766E+18,-15.82161524,-2.380444022,,1627660446555850000
1.62766E+18,-17.00030823,-3.163209369,,1627660446657300000
1.62766E+18,-17.12900763,-1.979269174,,1627660446755820000
1.62766E+18,-16.97108382,-4.472999947,,1627660446854260000
1.62766E+18,-16.18380967,-3.309847127,,1627660446955390000
1.62766E+18,-16.38739576,-2.866809977,,1627660447053770000
1.62766E+18,-16.10556225,-0.508817301,,1627660447156610000
1.62766E+18,-16.16207608,-2.065101119,,1627660447254580000
1.62766E+18,-16.48022685,-1.137067412,,1627660447355210000
1.62766E+18,-16.5441971,-0.398019323,,1627660447457470000
1.62766E+18,-15.71826255,0.104868743,,1627660447555180000
1.62766E+18,-16.17395277,0.797882292,,1627660447656260000
1.62766E+18,-16.3721012,1.436096902,,1627660447755260000
1.62766E+18,-14.54945542,0.885798466,,1627660447859350000
1.62766E+18,-16.02578023,0.779030177,,1627660447955470000
1.62766E+18,-15.80322799,1.769547351,,1627660448057040000
1.62766E+18,-16.01678579,1.431759305,,1627660448156080000
1.62766E+18,-16.90461843,1.936541325,,1627660448254960000
1.62766E+18,-15.28502346,3.785182419,,1627660448356200000
1.62766E+18,-16.03893385,3.433213568,,1627660448456870000
1.62766E+18,-15.75273158,3.434342756,,1627660448556040000
1.62766E+18,-14.77184317,3.098296285,,1627660448655860000
1.62766E+18,-16.45774421,5.66390235,,1627660448757370000
1.62766E+18,-15.04602033,4.359438833,,1627660448854290000
1.62766E+18,-15.37251525,5.24532707,,1627660448956470000
1.62766E+18,-16.43360605,5.929349229,,1627660449056050000
1.62766E+18,-15.4351621,4.972427595,,1627660449158360000
1.62766E+18,-14.76835588,6.158793584,,1627660449257150000
1.62766E+18,-15.96755443,6.495323077,,1627660449355170000
1.62766E+18,-14.620054,6.738438648,,1627660449457500000
1.62766E+18,-15.53845915,7.124355721,,1627660449555840000
1.62766E+18,-15.15922653,7.334720171,,1627660449656920000
1.62766E+18,-14.35586608,7.393096784,,1627660449755690000
1.62766E+18,-14.48126555,7.286598308,,1627660449856470000
1.62766E+18,-14.27851936,7.056340139,,1627660449958820000
1.62766E+18,-13.86528339,6.46985495,,1627660450054590000
1.62766E+18,-14.72054369,7.383620404,,1627660450157730000
1.62766E+18,-13.58819044,7.116475557,,1627660450256730000
1.62766E+18,-15.6385967,9.012427997,,1627660450356840000
1.62766E+18,-14.1097275,7.007625323,,1627660450456780000
1.62766E+18,-14.10834798,9.472917463,,1627660450556150000
1.62766E+18,-14.41572863,7.737029576,,1627660450655800000
1.62766E+18,-13.23766045,8.816329695,,1627660450756030000
1.62766E+18,-14.41084287,9.581036331,,1627660450856840000
1.62766E+18,-12.68504702,9.012045593,,1627660450957220000
1.62766E+18,-13.33540763,9.736705477,,1627660451055350000
1.62766E+18,-13.22901381,10.80662389,,1627660451157500000
1.62766E+18,-13.4071002,9.905130186,,1627660451254730000
1.62766E+18,-12.40625727,10.07841457,,1627660451355240000
1.62766E+18,-12.63867008,9.490720954,,1627660451456680000
1.62766E+18,-14.10229832,10.92190891,,1627660451555450000
1.62766E+18,-11.9369473,10.77031477,,1627660451655920000
1.62766E+18,-12.88289092,11.65014265,,1627660451756580000
1.62766E+18,-12.65842771,10.97446786,,1627660451855530000
1.62766E+18,-12.18428625,9.580313171,,1627660451955630000
1.62766E+18,-12.57613582,10.49000424,,1627660452055840000
1.62766E+18,-10.86743828,10.70223587,,1627660452157640000
1.62766E+18,-12.84090019,11.07070611,,1627660452255400000
1.62766E+18,-11.28792776,11.23110277,,1627660452355620000
1.62766E+18,-10.89267998,13.11860232,,1627660452455540000
1.62766E+18,-10.52140687,12.1314965,,1627660452553450000
1.62766E+18,-9.372334755,11.59399494,,1627660452656890000
1.62766E+18,-11.08382957,10.47628126,,1627660452757660000
1.62766E+18,-9.984237145,12.8697634,,1627660452857550000
1.62766E+18,-10.18928735,12.58240957,,1627660452955390000
1.62766E+18,-9.963895115,12.64087274,,1627660453055590000
1.62766E+18,-10.44376781,11.95009022,,1627660453158720000
1.62766E+18,-9.016416294,11.52268223,,1627660453255630000
1.62766E+18,-8.959631018,11.49808575,,1627660453359600000
1.62766E+18,-8.499981785,11.39990008,,1627660453458480000
1.62766E+18,-9.708126193,10.86360166,,1627660453555490000
1.62766E+18,-9.870589261,11.37556562,,1627660453655690000
1.62766E+18,-8.926188996,11.67892115,,1627660453758030000
1.62766E+18,-9.051904248,12.11010141,,1627660453859160000
1.62766E+18,-8.494080817,11.12148998,,1627660453957280000
1.62766E+18,-8.731426628,12.57626486,,1627660454055030000
1.62766E+18,-7.345133435,12.00132205,,1627660454157920000
1.62766E+18,-8.613430202,11.02579837,,1627660454257030000
1.62766E+18,-6.990042639,11.41738608,,1627660454356080000
1.62766E+18,-6.1905181,11.02559792,,1627660454455300000
1.62766E+18,-7.101700273,12.2358664,,1627660454555640000
1.62766E+18,-7.231568497,10.93442396,,1627660454656130000
1.62766E+18,-5.321397303,11.68326073,,1627660454754650000
1.62766E+18,-6.558448733,11.19907324,,1627660454856510000
1.62766E+18,-4.800742949,11.38592669,,1627660454956410000
1.62766E+18,-4.76663713,11.76783947,,1627660455055880000
1.62766E+18,-4.99775784,10.86577625,,1627660455158790000
1.62766E+18,-5.357941712,10.71110573,,1627660455255620000
1.62766E+18,-4.631151126,9.838253188,,1627660455356870000
1.62766E+18,-5.670550235,9.750004402,,1627660455455430000
1.62766E+18,-4.963501204,11.27657045,,1627660455556110000
1.62766E+18,-4.774868297,10.21581189,,1627660455655420000
1.62766E+18,-5.291363305,10.02957087,,1627660455759110000
1.62766E+18,-2.507072995,9.697169043,,1627660455855080000
1.62766E+18,-2.951747711,9.865332137,,1627660455957630000
1.62766E+18,-2.87854131,9.560142961,,1627660456056620000
1.62766E+18,-3.470387892,9.952044014,,1627660456156870000
1.62766E+18,-2.020496642,9.285240509,,1627660456254110000
1.62766E+18,-2.051478751,8.560521468,,1627660456356960000
1.62766E+18,-2.436100422,9.047825819,,1627660456458670000
1.62766E+18,-0.669257458,8.393341454,,1627660456556130000
1.62766E+18,-2.176092515,10.22061695,,1627660456657770000
1.62766E+18,-0.834727773,10.10558954,,1627660456759400000
