,xEst,yEst
0,-10.652191752123702,10.484874465056123
1,-10.865201417512655,10.651864282105443
2,-11.103248796418455,11.227171412661566
3,-10.823599509806623,11.502956029158163
4,-10.614148807194006,11.759096352185374
5,-10.304436818519402,11.688616355931122
6,-10.576685025906603,11.344802521755103
7,-10.644022558774894,11.273170448566326
8,-10.533312804133958,11.343622814952381
9,-10.793754153672886,11.484303860619898
10,-10.459323576715942,11.689366470136054
11,-10.797794860479785,11.659073575612245
12,-11.000750001215092,11.561311686445578
13,-10.710659088549244,11.402737936564625
14,-10.665224947433446,11.285595483886054
15,-10.11076703240825,11.304608263078231
16,-9.712434725090251,11.302468284294218
17,-9.811423355907543,11.441378167763606
18,-9.74552536547166,11.478195892619048
19,-9.835129977942263,11.318197160727042
20,-10.184258517340009,11.080495043909863
21,-10.239676649528151,10.913455716239795
22,-10.008176519333952,10.813748999955784
23,-10.168141110765193,10.887653465376701
24,-9.985461354761973,10.981936480790818
25,-9.676089920273125,11.00974756039966
26,-9.819212762218173,11.373333068061223
27,-9.666819821156787,11.756275608511904
28,-9.28958925610068,11.995462640620747
29,-9.154213346698375,11.944480751356291
30,-9.135206543912735,11.512998936392858
31,-8.787914914035497,11.197058780891156
32,-9.196327513863686,11.035599609301023
33,-9.024617191208812,11.108733550529763
34,-8.791215952214992,11.304408739982994
35,-8.736195767346006,11.016784115982144
36,-8.30631708573284,10.683435909064627
37,-8.13586016685302,10.654415216853742
38,-7.649268732087771,10.623558262585034
39,-7.548936293880859,10.839598021020409
40,-7.368847100591731,10.923997761312926
41,-7.176138868236321,10.895140857265307
42,-7.288968566543938,10.797227009110543
43,-7.343777392111642,10.660487925194728
44,-6.867731129125591,10.94622338792517
45,-6.815337036298644,11.106861920374147
46,-6.587512970874165,11.290229547644557
47,-6.217394496769054,11.380799439362244
48,-6.373299736652219,11.145175074974489
49,-6.331602843540289,11.033606201139456
50,-6.2314629678452755,10.985438301156464
51,-5.897509240070585,10.947024643954082
52,-5.810241784134339,10.92628427515306
53,-5.9228374324604935,10.687681217512754
54,-5.982019108551163,10.38765849452551
55,-6.054023198239496,10.337008568394557
56,-5.963584972649326,10.389067933819728
57,-5.512503952716161,10.594434424835885
58,-5.129409032008274,10.833686747840137
59,-4.789497992061692,10.827835341415817
60,-4.477875354449331,10.742309229045919
61,-4.367671775494038,10.837166389181972
62,-4.132799563524085,10.879432890993197
63,-3.984340441084952,10.773022543939627
64,-4.227101343366286,10.698336731884355
65,-4.226425115930459,10.523726467084185
66,-4.2908605146504435,10.332735116746601
67,-4.560836572938445,10.363073785160715
68,-4.233591568600544,10.453686043318028
69,-3.569094690431152,10.433543576400512
70,-3.1580769778749156,10.42897789534694
71,-2.628189068241095,10.585601034670919
72,-2.358147222664761,10.488099220755952
73,-2.5969100317326523,10.482064096239796
74,-2.6060612250170108,10.601563567575681
75,-2.1273337858697605,10.5705113402517
76,-1.8113511583514312,11.045363585834185
77,-1.7050402114352459,11.137211116795918
78,-1.4377685691812836,11.06831717615051
79,-1.8067397576003812,11.170854376714285
80,-1.753201136937014,10.862252087658163
81,-1.8144311814932508,10.736376200332483
82,-2.062124829441001,10.67368386067347
83,-1.795559538495469,10.580991957110546
84,-1.2815714621252594,10.806831623471089
85,-0.9079420681044621,11.048966198892007
86,-0.7557101680582615,11.165825073848637
87,-0.8097889144461692,11.264282351943876
88,-1.0521860053372203,11.042011009426872
89,-0.8289320875660979,10.866300673661565
90,-0.24663606593020243,10.824002586836734
91,0.25457280127031,10.710565758613944
92,0.7085271377147795,10.682304177104589
93,0.9316451332667417,10.460683599267005
94,1.02760337204855,10.203116915175169
95,0.7603955102137858,10.161035884078231
96,0.6231143033952632,10.190417001403912
97,0.8384532311045558,10.57393738967517
98,1.0145377830861644,11.129758687585035
99,1.081540037846382,11.219139582125852
100,1.0454477876331334,11.424951058035717
101,1.1099579752592488,11.485960938886056
102,1.0626100249959443,11.26628526265306
103,1.3506099523173916,11.137962542079082
104,1.5089124373887892,10.875245615447279
105,1.6682423493746343,10.736371742045918
106,2.032738528231471,10.648137130107143
107,2.356279670883202,10.731009704495749
108,2.3958211673888328,10.8463736561233
109,2.5022534943578183,10.699466566664965
110,2.373486698039764,10.762545452600339
111,2.3675328731255094,10.781824369006802
112,2.682511974681346,10.603335481323981
113,3.043931414239526,10.665541923239797
114,3.1202854601907886,10.804481677185374
115,3.453345617251581,10.901078103741494
116,3.8378476404939317,11.121057180467686
117,3.762866559705081,11.270525573715984
118,4.054213003145582,11.265861510280612
119,4.321486677383552,11.299384377916667
120,4.121788546246326,11.405573742636054
121,4.031030247981027,11.453934376938776
122,4.138353361258973,11.529916979931974
123,4.31651435636278,11.557232657780613
124,4.457946939025541,11.584940711607143
125,4.646425315225353,11.735317752482992
126,4.8274282646217355,11.683741073095238
127,4.775516552401375,11.611975226241496
128,5.264849700737296,11.600059459583333
129,5.673631991395594,11.484886155306123
130,5.920509575308198,11.57318814367347
131,6.274408808183333,11.925626473469388
132,6.345907318062354,12.104594925544218
133,6.504538844028296,12.17786651362245
134,6.405281620156836,12.327892072202381
135,6.590163414480509,12.19570807630102
136,6.774393858190201,12.106839173792517
137,7.201339817908618,12.202945496913266
138,7.544792655929615,12.085777492032314
139,7.758141348905837,12.011662187015306
140,7.7645301015557,12.161503271343538
141,7.614171852209599,12.247287766675171
142,7.836025121004136,12.413289742193879
143,7.840212611837064,12.582828945170068
144,7.914931407844724,12.525998863749999
145,8.128987039566216,12.494974894234694
146,8.095444563737038,12.599772024855442
147,7.840643249250193,12.780511669217686
148,8.119752851423666,12.88996230727891
149,8.320288057920772,12.890454553971088
150,8.327487999519999,12.866804792278911
151,8.64893058661858,12.971221858044217
152,8.633337087374597,13.123069836904762
153,8.568928292674347,13.164809679965987
154,8.941334466611561,13.200383304013606
155,9.271467902097307,13.051877994379252
156,9.404107389175909,12.889268457627553
157,9.556743799429409,12.882701134302721
158,9.447068892819116,12.98901886602891
159,9.39812547726974,13.117837144668368
160,9.723765755651712,13.44215562369898
161,9.88920533750273,13.936210398154763
162,10.063493788203019,14.026286610340136
163,9.946244347677059,14.323294143928571
164,10.11613193978684,14.578929879940475
165,9.917636577369267,14.381333934515308
166,10.43072242788752,14.201195581062924
167,10.918510483713805,13.886100699957485
168,10.876404077234941,13.812558790425172
169,11.306455460389358,14.018156068886055
170,11.210466680373514,14.435601391683676
171,11.212535611347144,14.656139324685373
172,11.274842855601175,14.269121115144559
173,11.607039834070116,13.955073553511905
174,11.979805792615675,13.651752078818026
175,11.99868381395482,13.54657223051871
176,12.238779098855082,13.739573202738095
177,12.078482820281529,13.768641559200681
178,11.859948638333332,13.88324544032313
179,12.08214449364773,14.028546052287414
180,12.331390272742656,14.136944783282313
181,12.644827255639921,14.201050354107142
182,13.037313394648733,14.18665041652211
183,13.320290484650608,14.14879641180272
184,13.52950097856268,14.194836898018709
185,13.65059976358905,14.372421302585034
186,13.510684508232533,14.380669383647959
187,13.398983752777465,14.37299928167517
188,13.669863631735595,14.257371538605442
189,14.035356351890139,14.198877472534015
190,14.352692993230846,14.36836605992347
191,14.940504881995688,14.458984251709184
192,15.254697779455507,14.465302815340138
193,14.95952609187589,14.340598333256803
194,15.10335951746469,14.244575680833332
195,14.821269707255219,14.026464111734692
196,14.45052070324728,13.909181573511901
197,14.784558797776215,13.869490591198979
198,15.13676822647869,13.617780906607145
199,15.289079115953818,13.352995769693878
200,15.872707743963627,13.18502349104592
201,15.812722965459443,13.201994938333334
202,15.783548719870954,13.152829141054422
203,15.981006292161293,13.210264470773808
204,15.90702134768729,13.282471790068028
205,16.258978162538433,13.052954288911565
206,16.126070855695602,13.027990498486396
207,16.541555314469313,13.334377029166667
208,16.644314377165166,13.452348578911565
209,17.087671355373264,13.619487839982995
210,17.295459556716658,13.769088125357143
211,17.84134396750937,13.575767533707484
212,18.14783040707149,13.235343975629252
213,17.80635825176703,12.975555456011906
214,17.932581962634607,12.45900782407313
215,17.49318526952306,12.169761328545919
216,17.25604208583746,12.175449308256804
217,17.434913259144857,12.166200472678572
218,17.81031412915367,12.425765358520408
219,17.873958632406325,12.299485572100341
220,18.07628800043657,11.956489938137755
221,17.994784928124737,11.769470647066326
222,18.06711546249175,11.563343912508502
223,18.171239897819834,11.455304225935373
224,18.30161723658274,11.494235350535714
225,18.62140068191995,11.274902174077383
226,18.317444758963315,11.065669098136055
227,18.571371297906573,11.090901671180273
228,18.19509851916279,11.058811553697279
229,18.438301323427947,11.190854979041665
230,18.991567977993878,11.11042885160289
231,18.965679990605924,10.80809843012585
232,19.516077284552555,10.541536792185376
233,19.32953231162717,10.166306064262756
234,19.064199403168104,9.882136298591838
235,19.34666618699594,9.699828508056973
236,19.085664287696787,9.553223972687926
237,19.15587820778965,9.469353415385203
238,19.26583349956168,9.471203788483844
239,18.979092323506563,9.294714711157312
240,19.267111203194037,9.072974541745749
241,19.07550907287952,9.036579077465987
242,19.239093706298586,9.155462248744898
243,19.370968171695477,9.282750638762755
244,19.476428811955255,9.308679971973639
245,19.576130920887643,9.262933962514456
246,19.13759388301725,8.985910914540817
247,19.189843189249157,8.637163412376701
248,18.822717422884327,8.422495833831633
249,18.89817394917129,8.141018801960035
250,19.14890870293032,7.6980699390178575
251,18.925500137937572,7.405115600877551
252,18.99623664474978,7.182690318556122
253,19.2119121918199,6.990435507718536
254,19.092607300584056,7.024077854921768
255,19.309976341868015,7.013884199684524
256,19.369074285960192,6.880699869426871
257,19.55628260842207,6.616110638374151
258,19.714806705536056,6.157572149455783
259,19.59428931335783,5.976074145761906
260,19.8902692692909,5.8430824740807825
261,19.443569537186853,5.8828237128095235
262,19.429636021149168,6.207780336642857
263,19.581539390912013,6.149688383454931
264,19.28276052944482,6.011077586914116
265,19.44043326401431,5.917897390251701
266,19.266278564155918,5.605262452868197
267,19.0845941696721,5.578146228240646
268,19.04508953052893,5.6763311899617355
269,18.81493848130146,5.316476322250851
270,18.789275859482814,4.906853841106293
271,18.467019916202226,4.552116044920068
272,18.661875214528493,4.304621023285714
273,18.4039637978877,4.377371331622449
274,18.31758865712667,4.393820525115646
275,18.471346334513687,4.290592029067176
276,17.824507252581427,4.056406726040816
277,17.986031890008874,3.8218860390297618
278,18.241022949087114,3.6746162293239797
279,17.91064092200937,3.67239485212415
280,18.164810929303957,3.6424606900195577
281,18.077905078213096,3.36576093460119
282,17.93313570444338,3.2043952588350337
283,18.053254077875703,2.7773722833290817
284,18.1246492484995,2.2253455765612244
285,18.157935573594926,1.9638804966573131
286,18.027792628894325,1.7842688786003404
287,18.275896293572494,1.8752359225195578
288,17.890073927874955,1.966070145764456
289,17.75169935940245,1.9204174353010206
290,17.485481175327898,2.089381283582483
291,16.837726275212162,2.1221742289277215
292,16.9334400526153,1.923597849579082
293,17.03201500405768,1.8711611006811226
294,17.32586034528784,1.5475214203758505
295,17.54016285378184,1.0564583846930273
296,17.4284945896866,1.0091854710807824
297,16.97943892832446,0.9402047078477892
298,16.76063557738145,0.7116924120765307
299,16.54099036606974,0.738767572777211
300,16.555508545069806,0.6422064708801021
301,17.245790687806277,0.38097167467517007
302,17.09798114092576,0.13308087837329938
303,17.03854215885883,-0.06648339743877547
304,16.95733274562042,-0.05897970936904756
305,16.591925829833958,0.01116820533418375
306,16.3860159651288,0.14090446019897965
307,16.540050262524186,0.10324913098979602
308,16.389988544389325,-0.18209448945068019
309,16.225067273150984,-0.3042302843256802
310,16.406384753038434,-0.4216541974421768
311,16.23607121815117,-0.318184454177721
312,16.138221901507126,-0.18418691251360544
313,16.08145955448088,-0.4182770231122448
314,15.60765465452787,-0.6466881182712585
315,15.514655205082926,-1.0861348117840135
316,15.642431546478003,-1.4770361690314626
317,15.269592355752843,-1.5575534624812928
318,15.188463883401262,-1.3993782185212584
319,14.934491484249655,-1.2558655683503401
320,14.631913509159542,-1.3610637429795918
321,14.338769745797462,-1.4555244971420067
322,14.309242803541808,-1.7921496171420066
323,14.140892761437009,-2.210996889360544
324,13.97456236836408,-2.230357938227891
325,14.212001302641482,-2.2614983811471085
326,14.25253518502787,-2.287665268065476
327,14.361387274620423,-2.3606898575246595
328,14.449023889996937,-2.6062876815748295
329,14.25705208449525,-2.9313711044583335
330,14.101588296711348,-3.3059922043001704
331,13.71403515338789,-3.441648199287415
332,13.675861954617611,-3.602106472544217
333,13.183391648627984,-3.5100637833265305
334,13.082525419221096,-3.3364967563112247
335,13.041161477057369,-3.417506638048469
336,12.525641602307585,-3.489296589403911
337,12.63007607220241,-3.5643779702159857
338,12.368956088037368,-3.655830718688775
339,12.57980438978159,-3.4813801389600334
340,12.472485268466755,-3.2528826704532308
341,12.64375443925703,-3.4947483652916667
342,12.775597499985315,-3.63560124207483
343,12.250539748338895,-3.7739190976760204
344,12.370567764896762,-3.8458479999753408
345,12.415149488768591,-3.7312910784387756
346,12.278437913100738,-3.9283730325586736
347,12.496547528344646,-4.170908621200681
348,12.077918525440133,-4.504942106227892
349,11.313586451754844,-4.920051303016157
350,11.014079634569367,-4.927767985320578
351,10.723392019401825,-4.820714216933673
352,10.668651756313336,-4.651834052494897
353,10.751557253160854,-4.240944671448979
354,11.01025670383746,-4.02839289989966
355,10.829191891954569,-4.028041897116497
356,10.827446531641733,-4.104806652597789
357,10.631229775302563,-4.347634523365646
358,9.876413490522891,-4.698698576055272
359,9.93717091536983,-4.9794240461862245
360,9.515196940457756,-5.296145738147109
361,9.344911260577877,-5.424224444995748
362,9.252205188438895,-5.301687514235544
363,8.885249930781454,-5.1610181052159865
364,8.794103102338802,-4.891983240834184
365,8.84832135749744,-5.002623284477892
366,8.668372866171573,-5.296965768682823
367,8.666094336220343,-5.558421314521258
368,8.873282464188534,-5.66193301929847
369,8.682904080738389,-5.460615094493197
370,8.663647839864154,-5.285672566514456
371,8.465191168033908,-5.191354880816327
372,8.191795818701538,-5.448965084689626
373,7.9729036737108485,-5.737378016021259
374,8.446672415204223,-5.992832259438775
375,8.289703956490369,-6.269978526991496
376,7.92221996295836,-6.195097291765306
377,8.174141057497982,-6.011333311540817
378,7.400007751680165,-5.835650191081633
379,7.387334290196351,-5.5526558812967695
380,7.508586423867085,-5.442157337001701
381,6.851702717651611,-5.728486697431123
382,6.964629745821348,-5.8012589527517004
383,6.242909186905662,-5.927893763781463
384,6.036173328053931,-6.264262153322279
385,6.1799293404551054,-6.190668077103742
386,5.807092448205374,-6.436321838629252
387,6.207750681187976,-6.799967058923469
388,6.085748298130202,-6.943702543908163
389,5.709813948967979,-7.35381594047449
390,5.4787793551776405,-7.478720495345239
391,5.8221249576990886,-7.403208799952382
392,5.807450650160792,-7.389959828738946
393,6.0657627017104865,-7.087365027527212
394,6.004692250895257,-6.855222804293367
395,4.939571021955256,-6.973543688139456
396,4.901966825220585,-6.978269986221939
397,4.783066258818692,-6.933538967852892
398,4.542247128177215,-7.123283445130103
399,4.817242954266522,-7.045822328252552
400,4.394029116085101,-6.964742591625851
401,4.2313934330963,-7.091093649353741
402,4.400805234652061,-7.145996440733844
403,4.125864150070929,-7.2058416740399664
404,3.9191284913281095,-7.406663794761906
405,3.4996167537408196,-7.456667696770409
406,3.2812224851738785,-7.39450749017347
407,3.2823469448800897,-7.523070066918368
408,3.0019771286704913,-7.54715486724915
409,2.6208127743560805,-7.743141617465987
410,2.3541558318940448,-7.876699595506803
411,2.15957995036926,-7.823678960641157
412,2.608767374440907,-7.994845820909013
413,2.5604663063118855,-8.154196502207483
414,2.6519387905115988,-8.36774777714626
415,2.675985841816223,-8.593699114635205
416,2.438325855795819,-8.581161868125001
417,2.6127675128713594,-8.464644430414117
418,2.367417496621335,-8.27964760409439
419,2.3529701376197787,-8.210449353717689
420,2.1287816072690537,-8.454021449811224
421,2.1436144104521433,-8.841568808897108
422,2.3003420293358143,-9.29340774082738
423,1.6154891340835895,-9.590962375051872
424,1.3117374672296527,-9.741241250083332
425,0.7687478643181729,-9.68270858860034
426,0.45333744075808025,-9.710697679612244
427,0.48270680351749784,-9.693189933210032
428,0.6702600842804087,-9.564194735579932
429,0.8865548636636295,-9.764452216404761
430,0.6586411510334771,-9.81776860957228
431,0.7696631657099737,-9.713193710119898
432,0.4835579326102487,-9.642930656486396
433,0.4530373488847519,-9.529609888901362
434,0.3771178824030496,-9.436863203992347
435,0.16802492862895882,-9.663502315013606
436,0.1132906359650731,-9.974322729142857
437,-0.5414738461836583,-10.203777520835034
438,-0.7129442472025184,-10.365526514532313
439,-0.8749451273648606,-10.60410431015306
440,-0.8959951017792527,-10.716937174736394
441,-0.6125102708000499,-10.637193927431973
442,-0.6273508189710161,-10.842400990714287
443,-1.1159562642193037,-10.964154363894558
444,-1.5753471080573491,-11.065277355263607
445,-2.0308846236126605,-11.21544356795068
446,-2.2419085585885448,-10.874808768120747
447,-2.026465405546894,-10.481012157040816
448,-2.4389043145484064,-10.234925244064627
449,-2.2284421486605366,-10.167090590646259
450,-2.581524879557593,-10.652562671649662
451,-2.6776609664335456,-11.159529870637755
452,-2.498666306103899,-11.396752771794219
453,-2.771246278944975,-11.717848944430273
454,-2.7960380313132607,-11.75710222789966
455,-2.929848000975503,-11.618682318027211
456,-2.980746826864967,-11.542796521964284
457,-3.071404229448125,-11.35340948697279
458,-3.1414071907823713,-11.2184082452466
459,-3.309497254837089,-11.321480451267007
460,-3.6057382609451762,-11.661014116947282
461,-3.85194349929437,-11.85732803197279
462,-3.7396734962480385,-12.025181244379251
463,-3.8266959489608237,-12.000595122066326
464,-3.78337795302076,-11.882733213486393
465,-3.8966914170443507,-11.85419687262755
466,-4.281510073691107,-11.842704419498297
467,-4.508513647843325,-11.942158058086735
468,-4.875908943052624,-12.123685700935376
469,-5.054423291191876,-12.36797256439626
470,-4.890360061156943,-12.466666986598641
471,-5.1575368882694415,-12.543820371530613
472,-5.070590017996132,-12.369533800969387
473,-5.005902787589489,-12.24048280897109
474,-5.015746192273834,-12.245972754200679
475,-5.133357521391689,-12.459116679115647
476,-5.514188249632034,-12.915626155416666
477,-5.766409974200114,-13.278784836581632
478,-6.2749723479943,-13.601954338290817
479,-5.965562053676459,-13.876968272397958
480,-5.871911847952456,-13.919394675408164
481,-5.4576047519579864,-13.825898168112245
482,-5.391387782624585,-13.812135555739797
483,-5.889298112819791,-13.45443004754252
484,-6.276415798461455,-13.197917616904764
485,-6.607249831092845,-13.191669400365647
486,-6.794982515483666,-12.964616123962587
487,-6.9884131874588,-12.901298615841839
488,-6.992891116558599,-13.156592396760205
489,-7.4151631936312095,-13.400766214753402
490,-7.8722642212555805,-13.732607866318029
491,-7.421722383830083,-14.160065796139458
492,-7.781407777857499,-14.424461032542517
493,-7.94296064318174,-14.452038189209183
494,-7.5978311695998135,-14.34723237215136
495,-7.982793801805606,-14.289548724574828
496,-7.762144561544764,-14.116555898018708
497,-8.000616919274059,-14.040154200833333
498,-8.700950359438439,-14.117655602661566
499,-8.879210123263892,-14.120954041853741
500,-9.044766112500263,-14.105464468945579
501,-9.191232901174626,-14.187963045620748
502,-8.674687983048006,-14.159856655739798
503,-8.696798135603443,-13.92977471187925
504,-8.72537004766221,-13.859691903409864
505,-9.12880050263972,-13.923039171879251
506,-9.589517661599562,-14.117370029719389
507,-10.005301703350963,-14.423304882959183
508,-10.583690055871585,-14.566616192083332
509,-10.54641402104387,-14.497553222185374
510,-10.986006228145156,-14.527935330467686
511,-11.054190032724785,-14.404970198818027
512,-10.657271598136033,-14.191410712908162
513,-10.549357665955288,-13.98807643002551
514,-10.462058555816867,-13.703176682542516
515,-10.82871586055415,-13.645243124583335
516,-11.372511261078222,-13.62209790692177
517,-11.741538282461505,-13.810865890416666
518,-12.081589719169479,-14.07836977352891
519,-12.001522351071303,-14.00523844927721
520,-12.17699754788345,-13.913197461139454
521,-12.240739028606734,-13.579521390416666
522,-12.423003648254717,-13.167990737857144
523,-12.459151043394137,-13.032605951403061
524,-12.362505415296464,-12.909408118894559
525,-12.407660925539496,-13.202134141479593
526,-12.100350741389388,-13.503192865323129
527,-13.036113259958944,-13.590211774812927
528,-12.924369098284217,-13.478400773818027
529,-13.374147665965067,-13.025840986437075
530,-13.408265784288153,-12.620063156581633
531,-12.78596206043357,-12.344812482636055
532,-13.063113373395886,-12.33616819789966
533,-12.838331323537307,-12.331866526267007
534,-12.811079792954441,-12.383521979370748
535,-12.828809238665917,-12.60332526090136
536,-13.085450478996373,-12.551941279107142
537,-13.317413578537492,-12.433639405501701
538,-13.481666216114359,-12.427524733418366
539,-13.890568222949382,-12.120022577840137
540,-14.158761627965568,-12.047097521930274
541,-14.271515895967507,-11.945243134396259
542,-14.951290826771217,-11.474849723954083
543,-14.687543055334523,-11.106372392091837
544,-14.589603302458944,-10.886249568409863
545,-14.566981742296026,-10.825774169260203
546,-14.404796373589424,-10.747891065807824
547,-14.571190734830331,-10.565612943304421
548,-14.682680050024558,-10.570805691476188
549,-14.617658287325959,-10.655637869707482
550,-14.726624997938758,-10.712695943908164
551,-15.027528660103489,-11.009055195867347
552,-15.339666121906511,-10.898893945790817
553,-15.427496696524997,-10.613038318522108
554,-15.474852948141733,-10.46812065565221
555,-15.564215835555556,-9.954458323855443
556,-15.322287224541121,-9.855188987619048
557,-15.723412407096738,-9.7893655163716
558,-16.04228747104593,-9.665049262512754
559,-15.939177487065866,-9.776691012893707
560,-16.091814523765965,-9.435275834783162
561,-15.86742180622716,-9.252712710470238
562,-15.303897445934883,-9.113122795064626
563,-15.376655810245406,-8.988880921619048
564,-15.153696490345895,-9.048771607263607
565,-15.439296644945507,-8.870862348402209
566,-15.73998027321416,-8.644871642130953
567,-15.709980306986814,-8.461111346392006
568,-16.322155544005373,-8.316608780119047
569,-16.236506783262218,-8.21463011320153
570,-16.49154169408599,-8.05057175924915
571,-16.682625272922323,-8.074733533999149
572,-16.549830464032436,-7.862471196683673
573,-16.558391015299403,-7.542262107094388
574,-16.4734361055405,-7.578084835507653
575,-16.518878045886765,-7.350360748687075
576,-15.901833621471315,-7.223308822858844
577,-16.279143419687415,-7.199548876646259
578,-16.421690401292338,-6.932302259903061
579,-16.765138539118922,-6.8245833838052725
580,-17.412890439911074,-6.714034078369898
581,-17.236301711556308,-6.522337293152212
582,-17.362343263540684,-6.467883398010205
583,-17.084709912093302,-6.421863505557824
584,-17.018995856888388,-6.29707505304847
585,-17.04257498241451,-6.267674811152211
586,-16.747040297017875,-6.074735366081633
587,-16.61792333679134,-5.962927720551021
588,-16.684529464307396,-5.841157657131804
589,-16.57930594974122,-5.434020308794218
590,-16.90880911255362,-5.244839934858844
591,-16.782554335634483,-4.7969528114719395
592,-16.946360372054432,-4.332191251708334
593,-16.86569004853356,-3.843834644762756
594,-16.802275159538056,-3.434323197507653
595,-16.840471482022558,-3.3787978642729595
596,-16.650909772967502,-3.3071805417108844
597,-16.922280355670104,-3.6070291860884356
598,-16.7831331678762,-3.9625445872057825
599,-16.933070338733344,-3.7760887563443877
600,-16.816155747040995,-3.6228705327312927
601,-16.595753051318148,-3.4367174932831634
602,-16.71071868538358,-2.961031072653912
603,-16.55969587463936,-2.7691773913775513
604,-16.394364349655234,-2.9896354288562925
605,-16.256469418800023,-3.2409604181700686
606,-15.874217329635295,-3.382796592809524
607,-16.01234626625778,-3.2255197343911566
608,-16.315947267694973,-2.737961956892007
609,-16.141287765615424,-2.2549337674166665
610,-16.627535921777216,-2.0453895193078226
611,-16.641695775717658,-2.197818069333333
612,-16.46004670765623,-2.286483677762755
613,-16.828193521511185,-2.259977812613095
614,-16.49433564271722,-1.9415457031207484
615,-16.438387540228845,-1.7166262154387755
616,-16.40270487381727,-1.5390748555994898
617,-16.304773409894263,-1.158792516314626
618,-16.447008343795776,-0.8961421129744898
619,-16.07623205544401,-0.6300389136232993
620,-15.960655098278092,-0.39592556536054424
621,-15.69771471215492,-0.29962058431292515
622,-15.251293511124548,-0.36013062616921765
623,-15.401943963211101,-0.22418950519982989
624,-15.611273866744595,0.0688463120603742
625,-15.526918140687851,0.33579298516921774
626,-15.80204895423947,0.7755140617644558
627,-16.331375357709785,1.044582107960034
628,-16.29369991399744,1.0373340214583333
629,-16.459077217832025,1.0265152056224491
630,-16.263705830774406,0.9283457344107142
631,-16.04325344251131,0.8434210276819728
632,-15.720598522303462,0.9667400318324829
633,-15.613762104816523,1.1958562831267008
634,-15.594348784592489,1.3013037751862246
635,-15.517114765020061,1.4570278534132655
636,-15.775292190536245,1.7008762805323132
637,-16.031392855159666,1.7583660592482995
638,-16.102016551618924,1.9913716712593539
639,-15.736841152891014,2.218850078634354
640,-15.876953791680851,2.229748736167517
641,-15.666910087529871,2.1941612587738093
642,-15.895048743847394,2.2769969501343534
643,-15.955281723843392,2.6620459079336736
644,-15.70091575292582,2.9844538078086735
645,-15.654655750600236,3.2289208324319727
646,-15.673885176158292,3.291410706206633
647,-15.805216456433069,3.2810423056394558
648,-15.69471019933702,3.3446808853248298
649,-15.719440893600176,3.71729071090221
650,-15.481484310209975,4.169485111087584
651,-15.329404835832772,4.323346166695577
652,-15.443501139657357,4.569219675122449
653,-15.389821563801275,4.604139842633503
654,-15.541986800590678,4.669366034321429
655,-15.760705237055681,4.782673885617347
656,-15.693514744105798,4.910427222240646
657,-15.75286586320316,5.33728506434949
658,-15.372877333175227,5.434493312509354
659,-15.28952966762061,5.42837183989966
660,-15.261698562530746,5.609254983016157
661,-15.221017043793651,5.659105678702382
662,-15.505724859865644,5.7648477116071435
663,-15.56130075029434,5.8235668085357135
664,-15.517593426983316,5.761513253720238
665,-15.70953836370385,5.855664423443877
666,-15.231686039608299,6.295766281030612
667,-14.651103827180165,6.73072795422874
668,-14.397867976775217,6.860274761659012
669,-14.107763448604551,6.847163047684523
670,-14.752638748923012,6.805954351270408
671,-14.911351524855082,7.003074390565477
672,-14.872397958215723,7.331559420010205
673,-14.907906491725848,7.69788553974575
674,-14.406953039481003,8.093040073250851
675,-14.52580524555368,8.427813883939626
676,-14.669708477227971,8.814695735954931
677,-14.538727311166417,8.655439095988944
678,-14.754254191659667,8.2789178976267
679,-14.612198968034933,8.288149338457481
680,-14.499793846633047,8.229426935695578
681,-14.35545880481977,8.464324395909864
682,-14.023430906652044,9.047630987683673
683,-13.85971064676453,9.478707695477041
684,-13.872036661152917,9.811506839852042
685,-13.876093750465378,10.195619765916668
686,-13.470134937332833,10.189981707196429
687,-13.2051013642979,9.97177561612585
688,-12.767376708731348,10.069437142609695
689,-12.273627864088114,10.23553300235034
690,-12.687060971772029,10.381624736374151
691,-12.746687224125859,10.621316825954082
692,-12.48891219314342,10.855013682289115
693,-12.54945778572522,11.04080919180442
694,-12.12713911382371,11.464384303415816
695,-11.744268912408824,11.797268423265304
696,-11.828338020117986,11.85826122352891
697,-11.562103692119985,11.916165560416665
698,-11.220774381587926,11.839105399064623
699,-10.927350774268179,11.719533433937075
700,-10.578990782570397,11.537592364336735
701,-10.251065977207494,11.580866151785713
702,-10.244797846607456,11.67210321705782
703,-10.208395997576085,11.668882447091836
704,-9.825943439709931,11.88189922930272
705,-9.756432222742447,11.930544928690475
706,-9.569636347261282,11.877092419268708
707,-9.379836757273342,11.68681123029762
708,-9.551987634414573,11.443532281811224
709,-9.179076549827272,11.162493338869048
710,-8.816104585783503,10.945023536088435
711,-8.511879500264612,10.959749175909863
712,-7.949540824995846,11.014216505646258
713,-7.448830360283347,11.134671482568027
714,-6.774576026734765,11.232484749710885
715,-6.32005780502281,11.181757775795068
716,-5.907697230824316,11.110381297865645
717,-6.260205905531415,11.178137455773811
718,-6.550431491430889,11.268921701785715
719,-6.297039822714417,11.467341525412415
720,-5.912560056249481,11.497701177755102
721,-4.991528838862605,11.13405496989796
722,-4.17537997823059,10.720805818183674
723,-3.6968879762187288,10.495009786142859
724,-3.6142631179906948,10.281995702010205
725,-3.266994465421372,10.309863750449832
726,-2.8007490188784336,10.248766163646259
727,-2.767088229019029,10.229042518945578
728,-2.4766574381475066,10.463303752729592
729,-2.5775330035563115,10.372184353473639
730,-2.543892188874078,10.284283689468538
731,-2.4044947609409824,10.190550391187076
732,-2.0236564187942134,9.944862256684523
733,-1.4203872286085237,9.657037750938775
734,-1.2098559950023684,9.549298014604592
735,-0.8263413619003561,9.355729798655611
736,-0.7639120402121047,9.221329822658163
737,-0.7786687157057618,9.371128845583332
738,-0.5231178030179915,9.351665662465987
739,-0.2536774982991626,9.348466620209184
740,0.0885106391955443,9.339590395944727
741,0.4540669155959442,9.34420928992772
742,0.7798470989134421,9.52277258915136
743,0.9413976049699851,9.650791082346089
744,1.3711143098827399,9.525410583790816
745,1.5878026307273967,9.467906279060374
746,1.7113075181971755,9.587022167447278
747,2.108268129929415,9.88706339349745
748,2.1086875098898323,10.191603193010204
749,2.344472545838995,10.496625317207483
750,2.4786734413356517,10.77563792244728
751,2.9168181741860204,10.848091871188775
752,3.381532219709549,10.968601612534012
753,3.583373685883515,11.309814276692176
754,4.5408075522980385,11.41857373556973
755,4.459273392873679,11.313429933329083
756,5.042873237287014,11.368299446147962
757,5.645741194797994,11.319308383877551
758,5.332196564083927,11.515649195739796
759,5.886115955329178,11.848369876088434
760,5.869295547939508,12.23271086332483
761,6.3459106974273976,12.462218527006803
762,6.9320522285999875,12.407819526811226
763,7.026213858936114,12.414832964243198
764,7.242364301713317,12.291922216360543
765,7.11802366446541,12.352145230782313
766,7.49799582119345,12.870503981232993
767,7.753411314863804,13.118729012482993
768,8.179914571519566,13.506282988443877
769,8.416580754578773,13.832794101853741
770,8.619390094796582,13.756961044931973
771,9.134096942117417,13.986408501641156
772,9.259237655741838,14.263332440170066
773,9.753126498216961,14.50376448760204
774,10.159814989738184,14.599926187219385
775,10.527366136769466,14.570348740833333
776,11.064210788580583,14.329265320518708
777,11.333070977628047,14.128676334659863
778,11.408842366697913,14.333894973996598
779,11.655285482710726,14.578070198639455
780,11.67617930598588,14.72870179342687
781,11.740636919359083,14.74409612972789
782,11.812839750775218,14.46038243823129
783,12.169208932331646,14.37462995535714
784,12.67316879811105,14.488707185637754
785,12.804757259057556,14.55718150257653
786,13.044708640022748,14.556543750858843
787,13.19336868464567,14.468041638137755
788,13.2634567336921,14.558367396479591
789,13.689011620360642,14.630561054812922
790,14.097351483415324,14.748505762389454
791,13.778525510732722,14.64924187557823
792,13.897663599771592,14.341012638120748
793,13.921859075873265,14.228582232610544
794,14.370476353829833,14.217800189889456
795,15.06512164150981,14.249914015059524
796,15.278239158654106,14.329628271062923
797,15.74557660599044,14.225459578392854
798,15.947456266930384,14.065540128018705
799,15.962884042595551,14.058562679829931
800,16.063099340502937,13.860168265391156
801,16.310062239732723,13.660910295731291
802,16.20694593342945,13.33491836340136
803,16.236223048706098,12.982162172304422
804,16.85634537913542,12.846982659982993
805,16.86098854994507,12.67300387652211
806,17.06387349901156,12.521581641819727
807,17.310528867484376,12.475808756904764
808,17.512094994630043,12.402105268877552
809,17.791635617934386,12.40324782462585
810,18.070840341379764,12.361743372661564
811,18.272908322105298,12.137151727653059
812,17.9039697557934,11.939407848622446
813,18.199029414640794,11.648472089370747
814,18.268897394284778,11.325612833818028
815,18.837495659633607,11.221694020714285
816,19.263215266554553,10.776772419502551
817,19.285494451467315,10.191246664182824
818,19.146365436016747,10.04042610517347
819,18.789790579018373,9.688181268081632
820,18.706968893237534,9.480674402692177
821,18.584651433204225,9.642052688616497
822,18.732169952954568,9.606226662119898
823,18.683435336461006,9.404150762744898
824,18.688517776046496,9.261391208608844
825,19.026551565628672,8.773043277246598
826,19.050811499398765,8.222378749058674
827,19.070962879406263,7.796586899183673
828,19.301919037311208,7.244790482954931
829,19.209655107137166,7.094735798332483
830,19.340115029395633,6.886025692087585
831,19.70671454663523,6.607495492716837
832,19.35044360173734,6.654771849490646
833,18.8732819982499,6.5492892867653065
834,18.729450325759345,6.518846041893708
835,18.501787229043682,6.426388429761905
836,18.7515593868034,6.009672523312925
837,18.98402077482771,5.447254897162415
838,18.913818930641106,4.8526342334022114
839,18.944230632864826,4.413548675565476
840,18.534531754592052,3.982270738260204
841,18.48487634413036,3.6541265673826526
842,18.40763825635333,3.4515568087695576
843,18.249959694646858,3.1730504514226188
844,18.369063450730536,3.0102771462984697
845,17.940443747620797,2.9625919522857145
846,17.63539820573341,2.7393951360773814
847,17.202536923384642,2.59006088159949
848,16.70475000628334,2.3385978385382655
849,16.479614928128356,1.9380822719464286
850,15.985729876376263,1.5210343526743197
851,16.16234707782808,1.0894024814931975
852,16.541537419424944,0.9291031711071429
853,16.5760552980015,0.8850163140552721
854,16.81587080585858,0.84966197525
855,16.689773207899826,0.7844564179872449
856,15.990839064652857,0.5831799244141157
857,16.007404736088112,0.44843414168027207
858,16.098179156502,0.32627932826445577
859,15.689399359155043,0.014575933140306169
860,15.98274561994657,-0.48825740297108844
861,15.959294377030993,-1.2081078081275511
862,15.457348250508998,-1.6460195513954083
863,15.580789324593301,-1.7124248348426874
864,15.330500207304649,-1.7066033072295919
865,14.79757943715592,-1.718287033882653
866,14.730225911462004,-2.000377060437925
867,14.55402939255568,-2.364958053095238
868,14.117577210728658,-2.5692079229506803
869,13.886099026728472,-2.7362962241232998
870,13.476739770938696,-2.8567245266632657
871,13.223546932057491,-3.112638227391156
872,12.921060196879266,-3.4629319927772104
873,12.38688801340551,-3.665598288307823
874,12.4165582661093,-3.875470032353742
875,11.779034772137482,-4.146521963053571
876,11.624435842313648,-4.117675793415817
877,11.638952322652917,-4.183887921309523
878,11.554737873285026,-4.176694275460034
879,11.426864867078114,-3.9484844543443876
880,11.03388286361306,-4.105959647522958
881,10.95137127496313,-4.381969631931122
882,10.075111600875104,-4.6483302660697285
883,9.40793536881571,-4.6973030880943885
884,8.828766535731397,-4.626944827413266
885,8.261855111631803,-4.691660755039116
886,7.824946523393538,-4.959735733890307
887,7.5552212648094486,-5.481942240075681
888,7.578463069719673,-5.930244636108845
889,7.193632556940601,-6.1367751258273815
890,6.936127376620573,-6.186706465295919
891,6.458240262447588,-6.261606392426871
892,5.614980347466554,-6.4565954957015315
893,5.14391585053319,-6.5983377568358845
894,4.8421332881405705,-6.815115822071428
895,4.584994673759242,-7.112494930790817
896,4.917982957089864,-7.250975333137756
897,4.285448369366829,-7.5005012348562925
898,4.336153120987933,-7.680501214119898
899,4.144624464144576,-7.770529673808674
900,3.298936552089345,-7.899258671670918
901,3.282871843924334,-7.760277549341836
902,2.407670401213492,-7.575415411272959
903,2.3534431583738593,-7.488701958365645
904,2.308556658391657,-7.379136511265306
905,1.7265614492725723,-7.414094762931973
906,1.5272104962870579,-7.620896424272959
907,0.5480883541066679,-7.589582892419217
908,0.12081064363808278,-7.772255548223638
909,0.22378636497263463,-8.250026886028062
910,-0.12352442765878643,-8.577291336990648
911,-0.5218589947233532,-8.96841043752806
912,-0.9472928678403197,-9.39427912915051
913,-1.5592981420386076,-9.616793693159863
914,-1.7847839674252093,-9.996393101531462
915,-1.74359165047061,-10.555645930790815
916,-2.192269848015667,-10.838688148384353
917,-2.362926531664642,-11.018922260705782
918,-2.8633534485594176,-11.307815962244897
919,-2.955092872931184,-11.730036929328232
920,-2.9452713749449817,-11.920278495
921,-3.17201159018004,-12.229734638197279
922,-3.095356534701219,-12.55255460687925
923,-3.517204351435958,-12.542047896641158
924,-4.175316220736752,-12.881458486717687
925,-4.718414226693458,-13.135000780790817
926,-5.203488530819085,-13.193032763894559
927,-5.654972972695418,-13.45216599010204
928,-5.860125750850256,-13.621457528869048
929,-6.127902040765079,-13.873350779591837
930,-6.480499256993088,-14.02766822130102
931,-6.555647979814873,-13.956502168197279
932,-6.87998148389487,-14.159615394319728
933,-7.1133272402668295,-14.067329596394558
934,-7.4120496757064185,-14.143034762491496
935,-7.8852621206832145,-14.403328405586736
936,-7.655829027174272,-14.412821794685374
937,-7.838378026212743,-14.73715306112245
938,-8.08217310522129,-14.81530522
939,-8.237361963193589,-14.91448507422619
940,-8.861890924558868,-15.133161584064625
941,-9.115999304190732,-15.21686297610544
942,-9.412007255574704,-15.291254487346936
943,-9.399243568869991,-15.147039825144558
944,-9.987879933179123,-14.981222038486395
945,-9.889137141565548,-14.954292284863946
946,-9.79711554937283,-14.943433373299321
947,-9.744717606384857,-14.921774201164967
948,-9.31140162215845,-14.832606423103742
949,-9.574353066475204,-14.601165308460885
950,-9.878184111272464,-14.49016166569728
951,-10.556594859741764,-14.479377336411565
952,-11.109433655210754,-14.328200337304422
953,-11.523243013020686,-14.224748209166666
954,-12.115443371104739,-14.317893512329933
955,-12.444832555838584,-14.425689731641157
956,-12.319598632615612,-14.524313900518706
957,-12.297473144878392,-14.643559694311225
958,-12.172529972627922,-14.493105644812927
959,-12.110534661524497,-14.281681012687075
960,-12.203221259902762,-14.103182962210884
961,-12.43182065251931,-13.794486260204081
962,-12.564659898868516,-13.498779002950682
963,-12.913056750407385,-13.332176382967688
964,-13.211450510494377,-13.171135749549318
965,-13.445374552044932,-12.938066986037413
966,-13.68597315015742,-12.754806315280613
967,-13.831367432531497,-12.427182244710885
968,-13.979638993047244,-12.077335526513606
969,-14.340317988394137,-12.027024652619048
970,-14.261291890055055,-11.926814633911565
971,-14.520021184239784,-11.816956429336734
972,-14.83341933536608,-11.679402352210886
973,-14.87014101412042,-11.367765024838436
974,-15.103008423294588,-11.118298141360542
975,-15.386172886116547,-10.905871659540814
976,-15.567447203146916,-10.629850149821428
977,-15.958339065668603,-10.390276159149659
978,-16.279549577659168,-10.003094925293366
979,-16.001020792098863,-9.50840153512925
980,-16.077915069535997,-9.208071045924319
981,-15.611411050857143,-8.789944977692176
982,-15.629985402270906,-8.588370546616497
983,-15.76142298877528,-8.668105104990648
984,-15.706482455332896,-8.642054962728741
985,-16.021153198358455,-8.653125230082482
986,-15.905440752093302,-8.153670412683674
987,-15.577509411766217,-7.651903826591837
988,-15.491357652748468,-7.375270675255953
989,-15.098692399970691,-6.926169744901362
990,-15.108830130711475,-7.027656318744049
991,-15.920360100660481,-6.741810747511906
992,-16.156495799579673,-6.102185006729593
993,-16.560945736784902,-5.605009456166667
994,-16.625981496396076,-4.905041722291667
995,-16.455643887429822,-4.475517138739796
996,-16.258506357213783,-4.413601785113946
997,-16.186581572191415,-4.3256344651743195
998,-16.409363675334145,-3.854091342956633
999,-16.412912535801336,-3.363012843837585
1000,-16.73048079346438,-2.863217255003401
1001,-16.821035075942508,-2.752871264160714
1002,-16.667813052098925,-2.854928407651361
1003,-16.411954272608924,-2.6560355663477893
1004,-16.209700997541184,-2.188779001690476
1005,-16.283798384498937,-1.611795697007653
1006,-16.322999591988875,-1.0371370204897958
1007,-16.22617806719535,-0.6171230952976189
1008,-16.22914474515473,-0.22461810566241486
1009,-16.202114082575612,0.4603221457908163
1010,-15.703440452452067,0.9665653368545917
1011,-15.780305485129482,1.2227178756224488
1012,-15.687628528615047,1.4228806432423469
1013,-15.598799579818522,1.5620551290807823
1014,-16.18757339394569,1.6731178871437073
1015,-16.00240354852593,2.1436489869914968
1016,-16.06132391139726,2.752490828847789
1017,-15.99531348200731,3.2044317489566327
1018,-15.462131345054118,3.6157038350272113
1019,-15.755290875786152,3.9823505864005107
1020,-15.507076029308651,4.350787513665817
1021,-15.412018117929824,4.676387096178571
1022,-15.827446077154857,5.237558836880952
1023,-15.57181732471416,5.570903737528061
1024,-15.502396557060681,5.6627915864056115
1025,-15.651150898344707,6.054237550516156
1026,-15.197777937658419,6.319871481262756
1027,-15.223590221348895,6.664877542113946
1028,-15.321306086738534,7.099117913431122
1029,-14.91839651366798,7.363533990453231
1030,-14.883690196694163,7.550816060166666
1031,-14.56871225551425,7.622361157777211
1032,-14.245226683008624,7.520658108471939
1033,-14.336385720424571,7.39536323615136
1034,-14.113124802896575,7.375918634029762
1035,-14.453130057453818,7.559388223596939
1036,-14.514248056790025,7.89765365270153
1037,-14.361204482619733,8.197011922609693
1038,-14.56808003290751,8.56321979280187
1039,-13.96786614585083,8.631554266833334
1040,-14.04312810263892,8.876907806767006
1041,-13.68731363889395,9.197738994353742
1042,-13.41723124553712,9.34405884264881
1043,-13.41506288840951,9.842980612754252
1044,-13.164133439482377,10.16344953352806
1045,-13.094431471592927,10.323371288306973
1046,-12.920249695940196,10.450470175839286
1047,-13.138561012028745,10.427374294132655
1048,-12.771037431681979,10.535904261292519
1049,-12.890183678286778,10.827300693857143
1050,-12.895125940905013,11.210880973423468
1051,-12.415635032951943,11.281504918779762
1052,-12.575416182445817,11.058912660156462
1053,-12.071569611879388,10.917874541899657
1054,-12.117173996564302,10.791882650258504
1055,-11.893091115915134,10.981179388460035
1056,-11.47223207465873,11.497810512806122
1057,-11.385715864300776,12.027479436505102
1058,-10.518594018949258,12.288496571045918
1059,-10.467549071079022,12.2834652134949
1060,-10.240442763932851,12.14854199904762
1061,-10.157409282362329,12.160710669345237
1062,-10.305293600084614,12.336785528044217
1063,-10.145285856760779,12.643884565629252
1064,-9.90333269224907,12.712497293511905
1065,-9.595920245516293,12.40365614110544
1066,-9.22994337693954,12.115924586615645
1067,-9.046028421560223,11.822101925442174
1068,-9.25956172821096,11.650327994413264
1069,-9.25120676961128,11.648407686513606
1070,-9.389183727290506,11.749884173630953
1071,-9.08568341921001,11.87935701782313
1072,-8.800892293001363,12.044042843571429
1073,-8.405631164236976,12.250861112329932
1074,-8.296005512495038,12.181939234863947
1075,-7.920002626938494,12.057568315425172
1076,-7.2847819745682285,11.935266507091836
1077,-7.223909326641869,11.737354373494899
1078,-6.8784510146809765,11.761347735654763
1079,-6.461291472854649,11.776477034940477
1080,-6.553261404095719,11.833124340085035
1081,-5.978038751560642,11.767711810603743
1082,-5.361806934520322,11.734154946454083
1083,-5.280883687368597,11.767030508690477
1084,-4.980762411855868,11.59768457682823
1085,-4.938358013691182,11.363053882151359
1086,-5.164329581373954,10.92616085040136
1087,-5.155771285201981,10.67984720117347
1088,-5.010006361128141,10.686235372772108
1089,-5.1750516363143735,10.63539357965136
1090,-4.384206221386358,10.657271358888604
1091,-3.881260650762611,10.49967445004847
1092,-3.407178182687114,10.227176243397109
1093,-2.9519338585486374,10.124711187273808
1094,-2.830281431346881,10.069785077227891
1095,-2.605216776602518,9.871896254208332
1096,-2.494603693534702,9.629929718654761
1097,-1.7943358250018684,9.390627493316325
1098,-1.8332163160221038,9.266053787946428
